0,"{'timestep': 0, 'pos_x': 632.78, 'pos_y': 199.35, 'vel_x': 0.08, 'vel_y': -0.1, 'radius': 0}","{'timestep': 5, 'pos_x': 633.27, 'pos_y': 198.62, 'vel_x': 0.08, 'vel_y': -0.16, 'radius': 0}"
1,"{'timestep': 0, 'pos_x': 309.1, 'pos_y': 525.12, 'vel_x': 0.02, 'vel_y': 0.05, 'radius': 0}","{'timestep': 5, 'pos_x': 309.24, 'pos_y': 525.25, 'vel_x': 0.02, 'vel_y': -0.01, 'radius': 0}"
2,"{'timestep': 0, 'pos_x': 710.41, 'pos_y': 10.97, 'vel_x': 0.03, 'vel_y': -0.03, 'radius': 0}","{'timestep': 5, 'pos_x': 710.58, 'pos_y': 10.62, 'vel_x': 0.03, 'vel_y': -0.09, 'radius': 0}"
3,"{'timestep': 0, 'pos_x': 10.02, 'pos_y': 80.4, 'vel_x': 0.06, 'vel_y': 0.01, 'radius': 0}","{'timestep': 5, 'pos_x': 10.35, 'pos_y': 80.31, 'vel_x': 0.06, 'vel_y': -0.05, 'radius': 0}"
4,"{'timestep': 0, 'pos_x': 610.64, 'pos_y': 211.75, 'vel_x': -0.06, 'vel_y': 0.07, 'radius': 0}","{'timestep': 5, 'pos_x': 610.29, 'pos_y': 212.01, 'vel_x': -0.06, 'vel_y': 0.01, 'radius': 0}"
5,"{'timestep': 0, 'pos_x': 287.04, 'pos_y': 594.1, 'vel_x': 0.01, 'vel_y': 0.05, 'radius': 0}","{'timestep': 5, 'pos_x': 287.1, 'pos_y': 594.24, 'vel_x': 0.01, 'vel_y': -0.01, 'radius': 0}"
6,"{'timestep': 0, 'pos_x': 528.61, 'pos_y': 488.98, 'vel_x': 0.03, 'vel_y': -0.04, 'radius': 0}","{'timestep': 5, 'pos_x': 528.8, 'pos_y': 488.6, 'vel_x': 0.03, 'vel_y': -0.1, 'radius': 0}"
7,"{'timestep': 0, 'pos_x': 188.29, 'pos_y': 241.96, 'vel_x': -0.03, 'vel_y': -0.07, 'radius': 0}","{'timestep': 5, 'pos_x': 188.1, 'pos_y': 241.4, 'vel_x': -0.03, 'vel_y': -0.13, 'radius': 0}"
8,"{'timestep': 0, 'pos_x': 712.58, 'pos_y': 512.54, 'vel_x': -0.08, 'vel_y': -0.07, 'radius': 0}","{'timestep': 5, 'pos_x': 712.09, 'pos_y': 511.99, 'vel_x': -0.08, 'vel_y': -0.13, 'radius': 0}"
9,"{'timestep': 0, 'pos_x': 561.6, 'pos_y': 320.64, 'vel_x': -0.1, 'vel_y': 0.05, 'radius': 0}","{'timestep': 5, 'pos_x': 561.01, 'pos_y': 320.81, 'vel_x': -0.1, 'vel_y': -0.01, 'radius': 0}"
10,"{'timestep': 0, 'pos_x': 5.88, 'pos_y': 414.69, 'vel_x': 0.01, 'vel_y': -0.01, 'radius': 0}","{'timestep': 5, 'pos_x': 5.96, 'pos_y': 414.48, 'vel_x': 0.01, 'vel_y': -0.07, 'radius': 0}"
11,"{'timestep': 0, 'pos_x': 797.06, 'pos_y': 29.72, 'vel_x': -0.01, 'vel_y': 0.07, 'radius': 0}","{'timestep': 5, 'pos_x': 797.03, 'pos_y': 29.99, 'vel_x': -0.01, 'vel_y': 0.01, 'radius': 0}"
12,"{'timestep': 0, 'pos_x': 14.73, 'pos_y': 277.54, 'vel_x': 0.02, 'vel_y': -0.05, 'radius': 0}","{'timestep': 5, 'pos_x': 14.83, 'pos_y': 277.06, 'vel_x': 0.02, 'vel_y': -0.11, 'radius': 0}"
13,"{'timestep': 0, 'pos_x': 575.98, 'pos_y': 585.98, 'vel_x': -0.07, 'vel_y': 0.1, 'radius': 0}","{'timestep': 5, 'pos_x': 575.58, 'pos_y': 586.41, 'vel_x': -0.07, 'vel_y': 0.04, 'radius': 0}"
14,"{'timestep': 0, 'pos_x': 407.32, 'pos_y': 464.68, 'vel_x': -0.08, 'vel_y': 0.02, 'radius': 0}","{'timestep': 5, 'pos_x': 406.84, 'pos_y': 464.66, 'vel_x': -0.08, 'vel_y': -0.04, 'radius': 0}"
15,"{'timestep': 0, 'pos_x': 72.23, 'pos_y': 31.46, 'vel_x': 0.06, 'vel_y': -0.08, 'radius': 0}","{'timestep': 5, 'pos_x': 72.57, 'pos_y': 30.84, 'vel_x': 0.06, 'vel_y': -0.14, 'radius': 0}"
16,"{'timestep': 0, 'pos_x': 482.23, 'pos_y': 78.33, 'vel_x': 0.05, 'vel_y': 0.04, 'radius': 0}","{'timestep': 5, 'pos_x': 482.5, 'pos_y': 78.4, 'vel_x': 0.05, 'vel_y': -0.02, 'radius': 0}"
17,"{'timestep': 0, 'pos_x': 366.76, 'pos_y': 10.98, 'vel_x': -0.01, 'vel_y': 0.06, 'radius': 0}","{'timestep': 5, 'pos_x': 366.71, 'pos_y': 11.16, 'vel_x': -0.01, 'vel_y': -0.0, 'radius': 0}"
18,"{'timestep': 0, 'pos_x': 218.12, 'pos_y': 290.12, 'vel_x': 0.09, 'vel_y': 0.1, 'radius': 0}","{'timestep': 5, 'pos_x': 218.69, 'pos_y': 290.56, 'vel_x': 0.09, 'vel_y': 0.04, 'radius': 0}"
19,"{'timestep': 0, 'pos_x': 644.34, 'pos_y': 594.38, 'vel_x': -0.1, 'vel_y': 0.06, 'radius': 0}","{'timestep': 5, 'pos_x': 643.77, 'pos_y': 594.59, 'vel_x': -0.1, 'vel_y': 0.0, 'radius': 0}"
20,"{'timestep': 0, 'pos_x': 786.68, 'pos_y': 269.21, 'vel_x': 0.06, 'vel_y': -0.04, 'radius': 0}","{'timestep': 5, 'pos_x': 787.07, 'pos_y': 268.82, 'vel_x': 0.06, 'vel_y': -0.1, 'radius': 0}"
21,"{'timestep': 0, 'pos_x': 218.07, 'pos_y': 126.35, 'vel_x': -0.02, 'vel_y': 0.04, 'radius': 0}","{'timestep': 5, 'pos_x': 217.94, 'pos_y': 126.43, 'vel_x': -0.02, 'vel_y': -0.02, 'radius': 0}"
22,"{'timestep': 0, 'pos_x': 441.12, 'pos_y': 557.48, 'vel_x': 0.01, 'vel_y': 0.02, 'radius': 0}","{'timestep': 5, 'pos_x': 441.2, 'pos_y': 557.45, 'vel_x': 0.01, 'vel_y': -0.04, 'radius': 0}"
23,"{'timestep': 0, 'pos_x': 384.38, 'pos_y': 596.52, 'vel_x': -0.0, 'vel_y': -0.02, 'radius': 0}","{'timestep': 5, 'pos_x': 384.36, 'pos_y': 596.24, 'vel_x': -0.0, 'vel_y': -0.08, 'radius': 0}"
24,"{'timestep': 0, 'pos_x': 467.46, 'pos_y': 314.53, 'vel_x': -0.08, 'vel_y': 0.05, 'radius': 0}","{'timestep': 5, 'pos_x': 466.99, 'pos_y': 314.69, 'vel_x': -0.08, 'vel_y': -0.01, 'radius': 0}"
25,"{'timestep': 0, 'pos_x': 397.23, 'pos_y': 23.1, 'vel_x': 0.05, 'vel_y': 0.1, 'radius': 0}","{'timestep': 5, 'pos_x': 397.53, 'pos_y': 23.54, 'vel_x': 0.05, 'vel_y': 0.04, 'radius': 0}"
26,"{'timestep': 0, 'pos_x': 631.74, 'pos_y': 235.72, 'vel_x': -0.04, 'vel_y': 0.05, 'radius': 0}","{'timestep': 5, 'pos_x': 631.48, 'pos_y': 235.88, 'vel_x': -0.04, 'vel_y': -0.01, 'radius': 0}"
27,"{'timestep': 0, 'pos_x': 441.36, 'pos_y': 101.86, 'vel_x': -0.0, 'vel_y': 0.09, 'radius': 0}","{'timestep': 5, 'pos_x': 441.35, 'pos_y': 102.26, 'vel_x': -0.0, 'vel_y': 0.03, 'radius': 0}"
28,"{'timestep': 0, 'pos_x': 1.7, 'pos_y': 11.01, 'vel_x': -0.02, 'vel_y': 0.07, 'radius': 0}","{'timestep': 5, 'pos_x': 1.61, 'pos_y': 11.27, 'vel_x': -0.02, 'vel_y': 0.01, 'radius': 0}"
29,"{'timestep': 0, 'pos_x': 382.47, 'pos_y': 478.51, 'vel_x': 0.0, 'vel_y': -0.03, 'radius': 0}","{'timestep': 5, 'pos_x': 382.5, 'pos_y': 478.17, 'vel_x': 0.0, 'vel_y': -0.09, 'radius': 0}"
30,"{'timestep': 0, 'pos_x': 475.12, 'pos_y': 141.52, 'vel_x': -0.0, 'vel_y': 0.09, 'radius': 0}","{'timestep': 5, 'pos_x': 475.09, 'pos_y': 141.91, 'vel_x': -0.0, 'vel_y': 0.03, 'radius': 0}"
31,"{'timestep': 0, 'pos_x': 459.26, 'pos_y': 204.24, 'vel_x': 0.02, 'vel_y': -0.02, 'radius': 0}","{'timestep': 5, 'pos_x': 459.36, 'pos_y': 203.96, 'vel_x': 0.02, 'vel_y': -0.08, 'radius': 0}"
{'episode': 0},"{'timestep': 0, 'pos_x': 222.26, 'pos_y': 33.91, 'vel_x': -0.05, 'vel_y': 0.05}","{'timestep': 5, 'pos_x': 221.98, 'pos_y': 32.71, 'vel_x': -0.05, 'vel_y': -0.55}"
{'episode': 1},"{'timestep': 0, 'pos_x': 564.99, 'pos_y': 20.92, 'vel_x': 0.04, 'vel_y': 0.03}","{'timestep': 5, 'pos_x': 565.24, 'pos_y': 19.6, 'vel_x': 0.04, 'vel_y': -0.57}"
{'episode': 2},"{'timestep': 0, 'pos_x': 94.09, 'pos_y': 63.85, 'vel_x': -0.08, 'vel_y': -0.01}","{'timestep': 5, 'pos_x': 93.59, 'pos_y': 62.27, 'vel_x': -0.08, 'vel_y': -0.61}"
{'episode': 3},"{'timestep': 0, 'pos_x': 791.84, 'pos_y': 597.04, 'vel_x': -0.03, 'vel_y': 0.03}","{'timestep': 5, 'pos_x': 791.65, 'pos_y': 595.73, 'vel_x': -0.03, 'vel_y': -0.57}"
{'episode': 4},"{'timestep': 0, 'pos_x': 351.61, 'pos_y': 569.46, 'vel_x': 0.02, 'vel_y': 0.02}","{'timestep': 5, 'pos_x': 351.7, 'pos_y': 568.11, 'vel_x': 0.02, 'vel_y': -0.58}"
{'episode': 5},"{'timestep': 0, 'pos_x': 258.87, 'pos_y': 336.88, 'vel_x': -0.09, 'vel_y': 0.09}","{'timestep': 5, 'pos_x': 258.3, 'pos_y': 335.92, 'vel_x': -0.09, 'vel_y': -0.51}"
{'episode': 6},"{'timestep': 0, 'pos_x': 487.72, 'pos_y': 372.25, 'vel_x': -0.07, 'vel_y': 0.04}","{'timestep': 5, 'pos_x': 487.28, 'pos_y': 371.02, 'vel_x': -0.07, 'vel_y': -0.56}"
{'episode': 7},"{'timestep': 0, 'pos_x': 425.87, 'pos_y': 368.08, 'vel_x': 0.03, 'vel_y': 0.0}","{'timestep': 5, 'pos_x': 426.05, 'pos_y': 366.6, 'vel_x': 0.03, 'vel_y': -0.6}"
{'episode': 8},"{'timestep': 0, 'pos_x': 624.32, 'pos_y': 158.97, 'vel_x': -0.09, 'vel_y': 0.04}","{'timestep': 5, 'pos_x': 623.76, 'pos_y': 157.73, 'vel_x': -0.09, 'vel_y': -0.56}"
{'episode': 9},"{'timestep': 0, 'pos_x': 560.87, 'pos_y': 155.08, 'vel_x': -0.09, 'vel_y': -0.05}","{'timestep': 5, 'pos_x': 560.32, 'pos_y': 153.28, 'vel_x': -0.09, 'vel_y': -0.65}"
{'episode': 10},"{'timestep': 0, 'pos_x': 449.88, 'pos_y': 245.16, 'vel_x': 0.07, 'vel_y': -0.01}","{'timestep': 5, 'pos_x': 450.33, 'pos_y': 243.61, 'vel_x': 0.07, 'vel_y': -0.61}"
{'episode': 11},"{'timestep': 0, 'pos_x': 25.24, 'pos_y': 20.78, 'vel_x': 0.06, 'vel_y': -0.03}","{'timestep': 5, 'pos_x': 25.57, 'pos_y': 19.07, 'vel_x': 0.06, 'vel_y': -0.63}"
{'episode': 12},"{'timestep': 0, 'pos_x': 69.66, 'pos_y': 258.12, 'vel_x': 0.1, 'vel_y': 0.07}","{'timestep': 5, 'pos_x': 70.24, 'pos_y': 257.04, 'vel_x': 0.1, 'vel_y': -0.53}"
{'episode': 13},"{'timestep': 0, 'pos_x': 107.84, 'pos_y': 532.71, 'vel_x': -0.06, 'vel_y': 0.05}","{'timestep': 5, 'pos_x': 107.5, 'pos_y': 531.5, 'vel_x': -0.06, 'vel_y': -0.55}"
{'episode': 14},"{'timestep': 0, 'pos_x': 365.6, 'pos_y': 247.57, 'vel_x': 0.09, 'vel_y': -0.05}","{'timestep': 5, 'pos_x': 366.11, 'pos_y': 245.79, 'vel_x': 0.09, 'vel_y': -0.65}"
{'episode': 15},"{'timestep': 0, 'pos_x': 55.15, 'pos_y': 549.44, 'vel_x': -0.03, 'vel_y': 0.03}","{'timestep': 5, 'pos_x': 54.96, 'pos_y': 548.1, 'vel_x': -0.03, 'vel_y': -0.57}"
{'episode': 16},"{'timestep': 0, 'pos_x': 175.67, 'pos_y': 447.64, 'vel_x': 0.02, 'vel_y': 0.02}","{'timestep': 5, 'pos_x': 175.79, 'pos_y': 446.24, 'vel_x': 0.02, 'vel_y': -0.58}"
{'episode': 17},"{'timestep': 0, 'pos_x': 509.97, 'pos_y': 350.25, 'vel_x': -0.07, 'vel_y': -0.07}","{'timestep': 5, 'pos_x': 509.56, 'pos_y': 348.3, 'vel_x': -0.07, 'vel_y': -0.67}"
{'episode': 18},"{'timestep': 0, 'pos_x': 743.84, 'pos_y': 270.82, 'vel_x': 0.01, 'vel_y': -0.05}","{'timestep': 5, 'pos_x': 743.93, 'pos_y': 269.0, 'vel_x': 0.01, 'vel_y': -0.65}"
{'episode': 19},"{'timestep': 0, 'pos_x': 284.35, 'pos_y': 235.03, 'vel_x': 0.09, 'vel_y': 0.08}","{'timestep': 5, 'pos_x': 284.89, 'pos_y': 234.03, 'vel_x': 0.09, 'vel_y': -0.52}"
{'episode': 20},"{'timestep': 0, 'pos_x': 160.07, 'pos_y': 370.05, 'vel_x': -0.07, 'vel_y': 0.05}","{'timestep': 5, 'pos_x': 159.63, 'pos_y': 368.87, 'vel_x': -0.07, 'vel_y': -0.55}"
{'episode': 21},"{'timestep': 0, 'pos_x': 134.33, 'pos_y': 485.06, 'vel_x': 0.04, 'vel_y': -0.02}","{'timestep': 5, 'pos_x': 134.55, 'pos_y': 483.44, 'vel_x': 0.04, 'vel_y': -0.62}"
{'episode': 22},"{'timestep': 0, 'pos_x': 313.3, 'pos_y': 553.43, 'vel_x': -0.08, 'vel_y': 0.02}","{'timestep': 5, 'pos_x': 312.82, 'pos_y': 552.07, 'vel_x': -0.08, 'vel_y': -0.58}"
{'episode': 23},"{'timestep': 0, 'pos_x': 220.75, 'pos_y': 435.67, 'vel_x': 0.09, 'vel_y': -0.08}","{'timestep': 5, 'pos_x': 221.32, 'pos_y': 433.71, 'vel_x': 0.09, 'vel_y': -0.68}"
{'episode': 24},"{'timestep': 0, 'pos_x': 188.21, 'pos_y': 46.09, 'vel_x': -0.07, 'vel_y': 0.0}","{'timestep': 5, 'pos_x': 187.82, 'pos_y': 44.6, 'vel_x': -0.07, 'vel_y': -0.6}"
{'episode': 25},"{'timestep': 0, 'pos_x': 797.41, 'pos_y': 140.44, 'vel_x': 0.0, 'vel_y': -0.02}","{'timestep': 5, 'pos_x': 797.44, 'pos_y': 138.82, 'vel_x': 0.0, 'vel_y': -0.62}"
{'episode': 26},"{'timestep': 0, 'pos_x': 517.8, 'pos_y': 306.79, 'vel_x': 0.02, 'vel_y': 0.05}","{'timestep': 5, 'pos_x': 517.93, 'pos_y': 305.61, 'vel_x': 0.02, 'vel_y': -0.55}"
{'episode': 27},"{'timestep': 0, 'pos_x': 319.44, 'pos_y': 563.94, 'vel_x': -0.08, 'vel_y': 0.05}","{'timestep': 5, 'pos_x': 318.94, 'pos_y': 562.75, 'vel_x': -0.08, 'vel_y': -0.55}"
{'episode': 28},"{'timestep': 0, 'pos_x': 344.57, 'pos_y': 17.88, 'vel_x': 0.04, 'vel_y': 0.0}","{'timestep': 5, 'pos_x': 344.79, 'pos_y': 16.38, 'vel_x': 0.04, 'vel_y': -0.6}"
{'episode': 29},"{'timestep': 0, 'pos_x': 413.6, 'pos_y': 381.37, 'vel_x': -0.1, 'vel_y': 0.01}","{'timestep': 5, 'pos_x': 413.01, 'pos_y': 379.95, 'vel_x': -0.1, 'vel_y': -0.59}"
{'episode': 30},"{'timestep': 0, 'pos_x': 291.73, 'pos_y': 59.39, 'vel_x': -0.04, 'vel_y': -0.09}","{'timestep': 5, 'pos_x': 291.46, 'pos_y': 57.35, 'vel_x': -0.04, 'vel_y': -0.69}"
{'episode': 31},"{'timestep': 0, 'pos_x': 57.59, 'pos_y': 380.03, 'vel_x': 0.04, 'vel_y': 0.09}","{'timestep': 5, 'pos_x': 57.81, 'pos_y': 379.09, 'vel_x': 0.04, 'vel_y': -0.51}"
{'episode': 32},"{'timestep': 0, 'pos_x': 338.07, 'pos_y': 393.47, 'vel_x': 0.01, 'vel_y': 0.03}","{'timestep': 5, 'pos_x': 338.13, 'pos_y': 392.16, 'vel_x': 0.01, 'vel_y': -0.57}"
{'episode': 33},"{'timestep': 0, 'pos_x': 363.22, 'pos_y': 314.68, 'vel_x': -0.09, 'vel_y': 0.05}","{'timestep': 5, 'pos_x': 362.7, 'pos_y': 313.5, 'vel_x': -0.09, 'vel_y': -0.55}"
{'episode': 34},"{'timestep': 0, 'pos_x': 484.31, 'pos_y': 264.61, 'vel_x': 0.01, 'vel_y': -0.02}","{'timestep': 5, 'pos_x': 484.37, 'pos_y': 262.99, 'vel_x': 0.01, 'vel_y': -0.62}"
{'episode': 35},"{'timestep': 0, 'pos_x': 657.94, 'pos_y': 590.05, 'vel_x': -0.01, 'vel_y': 0.09}","{'timestep': 5, 'pos_x': 657.87, 'pos_y': 589.11, 'vel_x': -0.01, 'vel_y': -0.51}"
{'episode': 36},"{'timestep': 0, 'pos_x': 719.3, 'pos_y': 160.85, 'vel_x': -0.09, 'vel_y': -0.03}","{'timestep': 5, 'pos_x': 718.74, 'pos_y': 159.15, 'vel_x': -0.09, 'vel_y': -0.63}"
{'episode': 37},"{'timestep': 0, 'pos_x': 281.68, 'pos_y': 151.61, 'vel_x': 0.04, 'vel_y': 0.04}","{'timestep': 5, 'pos_x': 281.9, 'pos_y': 150.34, 'vel_x': 0.04, 'vel_y': -0.56}"
{'episode': 38},"{'timestep': 0, 'pos_x': 517.63, 'pos_y': 543.74, 'vel_x': -0.03, 'vel_y': -0.08}","{'timestep': 5, 'pos_x': 517.47, 'pos_y': 541.76, 'vel_x': -0.03, 'vel_y': -0.68}"
{'episode': 39},"{'timestep': 0, 'pos_x': 301.5, 'pos_y': 318.17, 'vel_x': 0.03, 'vel_y': 0.07}","{'timestep': 5, 'pos_x': 301.66, 'pos_y': 317.06, 'vel_x': 0.03, 'vel_y': -0.53}"
{'episode': 40},"{'timestep': 0, 'pos_x': 511.18, 'pos_y': 502.63, 'vel_x': 0.09, 'vel_y': -0.03}","{'timestep': 5, 'pos_x': 511.74, 'pos_y': 500.97, 'vel_x': 0.09, 'vel_y': -0.63}"
{'episode': 41},"{'timestep': 0, 'pos_x': 592.88, 'pos_y': 315.04, 'vel_x': 0.08, 'vel_y': 0.09}","{'timestep': 5, 'pos_x': 593.37, 'pos_y': 314.09, 'vel_x': 0.08, 'vel_y': -0.51}"
{'episode': 42},"{'timestep': 0, 'pos_x': 465.64, 'pos_y': 295.8, 'vel_x': -0.06, 'vel_y': -0.04}","{'timestep': 5, 'pos_x': 465.26, 'pos_y': 294.03, 'vel_x': -0.06, 'vel_y': -0.64}"
{'episode': 43},"{'timestep': 0, 'pos_x': 684.71, 'pos_y': 354.26, 'vel_x': 0.04, 'vel_y': -0.03}","{'timestep': 5, 'pos_x': 684.93, 'pos_y': 352.56, 'vel_x': 0.04, 'vel_y': -0.63}"
{'episode': 44},"{'timestep': 0, 'pos_x': 62.53, 'pos_y': 232.97, 'vel_x': -0.01, 'vel_y': 0.05}","{'timestep': 5, 'pos_x': 62.45, 'pos_y': 231.76, 'vel_x': -0.01, 'vel_y': -0.55}"
{'episode': 0},"{'timestep': 0, 'pos_x': 768.26, 'pos_y': 26.3, 'vel_x': -0.1, 'vel_y': 0.06}","{'timestep': 5, 'pos_x': 767.68, 'pos_y': 25.15, 'vel_x': -0.1, 'vel_y': -0.54}"
{'episode': 1},"{'timestep': 0, 'pos_x': 303.65, 'pos_y': 302.03, 'vel_x': 0.05, 'vel_y': 0.01}","{'timestep': 5, 'pos_x': 303.95, 'pos_y': 300.56, 'vel_x': 0.05, 'vel_y': -0.59}"
{'episode': 2},"{'timestep': 0, 'pos_x': 699.24, 'pos_y': 348.42, 'vel_x': -0.05, 'vel_y': 0.04}","{'timestep': 5, 'pos_x': 698.95, 'pos_y': 347.14, 'vel_x': -0.05, 'vel_y': -0.56}"
{'episode': 3},"{'timestep': 0, 'pos_x': 702.11, 'pos_y': 104.55, 'vel_x': 0.08, 'vel_y': 0.08}","{'timestep': 5, 'pos_x': 702.59, 'pos_y': 103.54, 'vel_x': 0.08, 'vel_y': -0.52}"
{'episode': 4},"{'timestep': 0, 'pos_x': 134.48, 'pos_y': 221.98, 'vel_x': -0.06, 'vel_y': -0.02}","{'timestep': 5, 'pos_x': 134.09, 'pos_y': 220.38, 'vel_x': -0.06, 'vel_y': -0.62}"
{'episode': 5},"{'timestep': 0, 'pos_x': 594.04, 'pos_y': 591.05, 'vel_x': -0.01, 'vel_y': 0.06}","{'timestep': 5, 'pos_x': 594.01, 'pos_y': 589.93, 'vel_x': -0.01, 'vel_y': -0.54}"
{'episode': 6},"{'timestep': 0, 'pos_x': 108.12, 'pos_y': 441.97, 'vel_x': 0.01, 'vel_y': -0.02}","{'timestep': 5, 'pos_x': 108.18, 'pos_y': 440.38, 'vel_x': 0.01, 'vel_y': -0.62}"
{'episode': 7},"{'timestep': 0, 'pos_x': 610.66, 'pos_y': 377.38, 'vel_x': 0.01, 'vel_y': 0.09}","{'timestep': 5, 'pos_x': 610.72, 'pos_y': 376.42, 'vel_x': 0.01, 'vel_y': -0.51}"
{'episode': 8},"{'timestep': 0, 'pos_x': 135.66, 'pos_y': 285.37, 'vel_x': 0.06, 'vel_y': 0.06}","{'timestep': 5, 'pos_x': 136.04, 'pos_y': 284.25, 'vel_x': 0.06, 'vel_y': -0.54}"
{'episode': 9},"{'timestep': 0, 'pos_x': 339.83, 'pos_y': 542.76, 'vel_x': 0.07, 'vel_y': -0.08}","{'timestep': 5, 'pos_x': 340.25, 'pos_y': 540.79, 'vel_x': 0.07, 'vel_y': -0.68}"
{'episode': 10},"{'timestep': 0, 'pos_x': 461.53, 'pos_y': 442.26, 'vel_x': -0.08, 'vel_y': 0.04}","{'timestep': 5, 'pos_x': 461.08, 'pos_y': 440.99, 'vel_x': -0.08, 'vel_y': -0.56}"
{'episode': 11},"{'timestep': 0, 'pos_x': 209.23, 'pos_y': 359.29, 'vel_x': -0.06, 'vel_y': 0.09}","{'timestep': 5, 'pos_x': 208.87, 'pos_y': 358.36, 'vel_x': -0.06, 'vel_y': -0.51}"
{'episode': 12},"{'timestep': 0, 'pos_x': 72.43, 'pos_y': 87.43, 'vel_x': -0.09, 'vel_y': 0.01}","{'timestep': 5, 'pos_x': 71.87, 'pos_y': 85.97, 'vel_x': -0.09, 'vel_y': -0.59}"
{'episode': 13},"{'timestep': 0, 'pos_x': 388.93, 'pos_y': 349.81, 'vel_x': 0.07, 'vel_y': 0.05}","{'timestep': 5, 'pos_x': 389.38, 'pos_y': 348.63, 'vel_x': 0.07, 'vel_y': -0.55}"
{'episode': 14},"{'timestep': 0, 'pos_x': 576.52, 'pos_y': 169.53, 'vel_x': 0.07, 'vel_y': 0.09}","{'timestep': 5, 'pos_x': 576.95, 'pos_y': 168.58, 'vel_x': 0.07, 'vel_y': -0.51}"
{'episode': 15},"{'timestep': 0, 'pos_x': 157.22, 'pos_y': 331.13, 'vel_x': -0.06, 'vel_y': -0.04}","{'timestep': 5, 'pos_x': 156.86, 'pos_y': 329.4, 'vel_x': -0.06, 'vel_y': -0.64}"
{'episode': 16},"{'timestep': 0, 'pos_x': 506.87, 'pos_y': 505.03, 'vel_x': -0.08, 'vel_y': 0.01}","{'timestep': 5, 'pos_x': 506.39, 'pos_y': 503.56, 'vel_x': -0.08, 'vel_y': -0.59}"
{'episode': 17},"{'timestep': 0, 'pos_x': 488.8, 'pos_y': 28.23, 'vel_x': -0.08, 'vel_y': -0.06}","{'timestep': 5, 'pos_x': 488.34, 'pos_y': 26.35, 'vel_x': -0.08, 'vel_y': -0.66}"
{'episode': 18},"{'timestep': 0, 'pos_x': 263.03, 'pos_y': 295.1, 'vel_x': 0.02, 'vel_y': -0.04}","{'timestep': 5, 'pos_x': 263.15, 'pos_y': 293.34, 'vel_x': 0.02, 'vel_y': -0.64}"
{'episode': 19},"{'timestep': 0, 'pos_x': 745.76, 'pos_y': 70.47, 'vel_x': 0.09, 'vel_y': 0.04}","{'timestep': 5, 'pos_x': 746.27, 'pos_y': 69.18, 'vel_x': 0.09, 'vel_y': -0.56}"
{'episode': 20},"{'timestep': 0, 'pos_x': 247.18, 'pos_y': 565.74, 'vel_x': 0.03, 'vel_y': 0.06}","{'timestep': 5, 'pos_x': 247.33, 'pos_y': 564.61, 'vel_x': 0.03, 'vel_y': -0.54}"
{'episode': 21},"{'timestep': 0, 'pos_x': 675.23, 'pos_y': 398.43, 'vel_x': 0.1, 'vel_y': 0.09}","{'timestep': 5, 'pos_x': 675.83, 'pos_y': 397.46, 'vel_x': 0.1, 'vel_y': -0.51}"
{'episode': 22},"{'timestep': 0, 'pos_x': 796.43, 'pos_y': 66.9, 'vel_x': 0.07, 'vel_y': -0.02}","{'timestep': 5, 'pos_x': 796.84, 'pos_y': 65.31, 'vel_x': 0.07, 'vel_y': -0.62}"
{'episode': 23},"{'timestep': 0, 'pos_x': 657.43, 'pos_y': 528.39, 'vel_x': -0.08, 'vel_y': -0.04}","{'timestep': 5, 'pos_x': 656.97, 'pos_y': 526.64, 'vel_x': -0.08, 'vel_y': -0.64}"
{'episode': 24},"{'timestep': 0, 'pos_x': 558.93, 'pos_y': 301.28, 'vel_x': -0.08, 'vel_y': 0.01}","{'timestep': 5, 'pos_x': 558.47, 'pos_y': 299.83, 'vel_x': -0.08, 'vel_y': -0.59}"
{'episode': 25},"{'timestep': 0, 'pos_x': 666.3, 'pos_y': 417.24, 'vel_x': 0.05, 'vel_y': -0.03}","{'timestep': 5, 'pos_x': 666.6, 'pos_y': 415.54, 'vel_x': 0.05, 'vel_y': -0.63}"
{'episode': 26},"{'timestep': 0, 'pos_x': 3.18, 'pos_y': 307.46, 'vel_x': -0.07, 'vel_y': -0.0}","{'timestep': 5, 'pos_x': 2.77, 'pos_y': 305.93, 'vel_x': -0.07, 'vel_y': -0.6}"
{'episode': 27},"{'timestep': 0, 'pos_x': 453.76, 'pos_y': 578.27, 'vel_x': 0.0, 'vel_y': -0.09}","{'timestep': 5, 'pos_x': 453.77, 'pos_y': 576.23, 'vel_x': 0.0, 'vel_y': -0.69}"
{'episode': 28},"{'timestep': 0, 'pos_x': 529.85, 'pos_y': 593.14, 'vel_x': 0.05, 'vel_y': -0.09}","{'timestep': 5, 'pos_x': 530.14, 'pos_y': 591.08, 'vel_x': 0.05, 'vel_y': -0.69}"
{'episode': 29},"{'timestep': 0, 'pos_x': 193.24, 'pos_y': 327.11, 'vel_x': 0.06, 'vel_y': 0.06}","{'timestep': 5, 'pos_x': 193.62, 'pos_y': 325.98, 'vel_x': 0.06, 'vel_y': -0.54}"
{'episode': 30},"{'timestep': 0, 'pos_x': 369.49, 'pos_y': 224.49, 'vel_x': 0.03, 'vel_y': 0.09}","{'timestep': 5, 'pos_x': 369.67, 'pos_y': 223.51, 'vel_x': 0.03, 'vel_y': -0.51}"
{'episode': 31},"{'timestep': 0, 'pos_x': 359.89, 'pos_y': 166.9, 'vel_x': 0.02, 'vel_y': -0.07}","{'timestep': 5, 'pos_x': 359.99, 'pos_y': 164.97, 'vel_x': 0.02, 'vel_y': -0.67}"
{'episode': 32},"{'timestep': 0, 'pos_x': 164.99, 'pos_y': 125.55, 'vel_x': -0.05, 'vel_y': 0.03}","{'timestep': 5, 'pos_x': 164.67, 'pos_y': 124.22, 'vel_x': -0.05, 'vel_y': -0.57}"
{'episode': 33},"{'timestep': 0, 'pos_x': 351.08, 'pos_y': 299.23, 'vel_x': 0.0, 'vel_y': 0.06}","{'timestep': 5, 'pos_x': 351.08, 'pos_y': 298.08, 'vel_x': 0.0, 'vel_y': -0.54}"
{'episode': 34},"{'timestep': 0, 'pos_x': 787.06, 'pos_y': 275.55, 'vel_x': 0.09, 'vel_y': -0.07}","{'timestep': 5, 'pos_x': 787.59, 'pos_y': 273.65, 'vel_x': 0.09, 'vel_y': -0.67}"
{'episode': 35},"{'timestep': 0, 'pos_x': 636.12, 'pos_y': 255.72, 'vel_x': -0.05, 'vel_y': 0.01}","{'timestep': 5, 'pos_x': 635.8, 'pos_y': 254.3, 'vel_x': -0.05, 'vel_y': -0.59}"
{'episode': 36},"{'timestep': 0, 'pos_x': 404.98, 'pos_y': 215.24, 'vel_x': 0.06, 'vel_y': 0.07}","{'timestep': 5, 'pos_x': 405.37, 'pos_y': 214.15, 'vel_x': 0.06, 'vel_y': -0.53}"
{'episode': 37},"{'timestep': 0, 'pos_x': 796.8, 'pos_y': 140.6, 'vel_x': 0.07, 'vel_y': -0.04}","{'timestep': 5, 'pos_x': 797.22, 'pos_y': 138.84, 'vel_x': 0.07, 'vel_y': -0.64}"
{'episode': 38},"{'timestep': 0, 'pos_x': 420.18, 'pos_y': 354.07, 'vel_x': 0.03, 'vel_y': -0.06}","{'timestep': 5, 'pos_x': 420.35, 'pos_y': 352.21, 'vel_x': 0.03, 'vel_y': -0.66}"
{'episode': 39},"{'timestep': 0, 'pos_x': 335.55, 'pos_y': 238.81, 'vel_x': -0.07, 'vel_y': -0.01}","{'timestep': 5, 'pos_x': 335.12, 'pos_y': 237.27, 'vel_x': -0.07, 'vel_y': -0.61}"
{'episode': 40},"{'timestep': 0, 'pos_x': 149.88, 'pos_y': 118.43, 'vel_x': 0.04, 'vel_y': -0.03}","{'timestep': 5, 'pos_x': 150.1, 'pos_y': 116.77, 'vel_x': 0.04, 'vel_y': -0.63}"
{'episode': 41},"{'timestep': 0, 'pos_x': 429.49, 'pos_y': 474.01, 'vel_x': 0.04, 'vel_y': 0.02}","{'timestep': 5, 'pos_x': 429.74, 'pos_y': 472.63, 'vel_x': 0.04, 'vel_y': -0.58}"
{'episode': 42},"{'timestep': 0, 'pos_x': 472.46, 'pos_y': 578.72, 'vel_x': 0.06, 'vel_y': 0.08}","{'timestep': 5, 'pos_x': 472.85, 'pos_y': 577.68, 'vel_x': 0.06, 'vel_y': -0.52}"
{'episode': 43},"{'timestep': 0, 'pos_x': 402.09, 'pos_y': 582.94, 'vel_x': 0.09, 'vel_y': 0.07}","{'timestep': 5, 'pos_x': 402.65, 'pos_y': 581.83, 'vel_x': 0.09, 'vel_y': -0.53}"
{'episode': 44},"{'timestep': 0, 'pos_x': 633.12, 'pos_y': 201.67, 'vel_x': 0.03, 'vel_y': -0.01}","{'timestep': 5, 'pos_x': 633.3, 'pos_y': 200.09, 'vel_x': 0.03, 'vel_y': -0.61}"
{'episode': 45},"{'timestep': 0, 'pos_x': 382.23, 'pos_y': 333.02, 'vel_x': -0.07, 'vel_y': -0.07}","{'timestep': 5, 'pos_x': 381.81, 'pos_y': 331.11, 'vel_x': -0.07, 'vel_y': -0.67}"
{'episode': 46},"{'timestep': 0, 'pos_x': 670.76, 'pos_y': 213.47, 'vel_x': -0.06, 'vel_y': 0.01}","{'timestep': 5, 'pos_x': 670.39, 'pos_y': 212.04, 'vel_x': -0.06, 'vel_y': -0.59}"
{'episode': 47},"{'timestep': 0, 'pos_x': 226.87, 'pos_y': 232.92, 'vel_x': -0.01, 'vel_y': -0.07}","{'timestep': 5, 'pos_x': 226.79, 'pos_y': 230.97, 'vel_x': -0.01, 'vel_y': -0.67}"
{'episode': 48},"{'timestep': 0, 'pos_x': 713.16, 'pos_y': 592.02, 'vel_x': -0.05, 'vel_y': -0.09}","{'timestep': 5, 'pos_x': 712.85, 'pos_y': 589.98, 'vel_x': -0.05, 'vel_y': -0.69}"
{'episode': 49},"{'timestep': 0, 'pos_x': 524.01, 'pos_y': 453.97, 'vel_x': -0.05, 'vel_y': 0.03}","{'timestep': 5, 'pos_x': 523.69, 'pos_y': 452.63, 'vel_x': -0.05, 'vel_y': -0.57}"
{'episode': 50},"{'timestep': 0, 'pos_x': 745.24, 'pos_y': 146.95, 'vel_x': 0.1, 'vel_y': 0.01}","{'timestep': 5, 'pos_x': 745.83, 'pos_y': 145.51, 'vel_x': 0.1, 'vel_y': -0.59}"
{'episode': 51},"{'timestep': 0, 'pos_x': 610.57, 'pos_y': 270.5, 'vel_x': -0.05, 'vel_y': -0.1}","{'timestep': 5, 'pos_x': 610.28, 'pos_y': 268.41, 'vel_x': -0.05, 'vel_y': -0.7}"
{'episode': 52},"{'timestep': 0, 'pos_x': 549.93, 'pos_y': 99.47, 'vel_x': -0.01, 'vel_y': 0.08}","{'timestep': 5, 'pos_x': 549.88, 'pos_y': 98.46, 'vel_x': -0.01, 'vel_y': -0.52}"
{'episode': 53},"{'timestep': 0, 'pos_x': 661.9, 'pos_y': 268.64, 'vel_x': -0.1, 'vel_y': -0.05}","{'timestep': 5, 'pos_x': 661.3, 'pos_y': 266.82, 'vel_x': -0.1, 'vel_y': -0.65}"
{'episode': 54},"{'timestep': 0, 'pos_x': 580.27, 'pos_y': 453.43, 'vel_x': -0.06, 'vel_y': 0.02}","{'timestep': 5, 'pos_x': 579.92, 'pos_y': 452.03, 'vel_x': -0.06, 'vel_y': -0.58}"
{'episode': 55},"{'timestep': 0, 'pos_x': 752.92, 'pos_y': 204.57, 'vel_x': 0.02, 'vel_y': -0.04}","{'timestep': 5, 'pos_x': 753.06, 'pos_y': 202.85, 'vel_x': 0.02, 'vel_y': -0.64}"
{'episode': 56},"{'timestep': 0, 'pos_x': 386.36, 'pos_y': 110.48, 'vel_x': 0.06, 'vel_y': -0.02}","{'timestep': 5, 'pos_x': 386.75, 'pos_y': 108.89, 'vel_x': 0.06, 'vel_y': -0.62}"
{'episode': 57},"{'timestep': 0, 'pos_x': 722.03, 'pos_y': 530.12, 'vel_x': 0.1, 'vel_y': -0.09}","{'timestep': 5, 'pos_x': 722.62, 'pos_y': 528.1, 'vel_x': 0.1, 'vel_y': -0.69}"
{'episode': 58},"{'timestep': 0, 'pos_x': 77.17, 'pos_y': 335.06, 'vel_x': -0.05, 'vel_y': -0.02}","{'timestep': 5, 'pos_x': 76.88, 'pos_y': 333.47, 'vel_x': -0.05, 'vel_y': -0.62}"
{'episode': 59},"{'timestep': 0, 'pos_x': 384.66, 'pos_y': 544.76, 'vel_x': -0.05, 'vel_y': -0.07}","{'timestep': 5, 'pos_x': 384.36, 'pos_y': 542.84, 'vel_x': -0.05, 'vel_y': -0.67}"
{'episode': 60},"{'timestep': 0, 'pos_x': 296.08, 'pos_y': 53.38, 'vel_x': -0.01, 'vel_y': -0.1}","{'timestep': 5, 'pos_x': 296.01, 'pos_y': 51.28, 'vel_x': -0.01, 'vel_y': -0.7}"
{'episode': 61},"{'timestep': 0, 'pos_x': 319.69, 'pos_y': 317.42, 'vel_x': -0.09, 'vel_y': -0.07}","{'timestep': 5, 'pos_x': 319.12, 'pos_y': 315.48, 'vel_x': -0.09, 'vel_y': -0.67}"
{'episode': 62},"{'timestep': 0, 'pos_x': 88.03, 'pos_y': 125.41, 'vel_x': 0.04, 'vel_y': 0.05}","{'timestep': 5, 'pos_x': 88.3, 'pos_y': 124.23, 'vel_x': 0.04, 'vel_y': -0.55}"
{'episode': 63},"{'timestep': 0, 'pos_x': 305.6, 'pos_y': 599.07, 'vel_x': 0.03, 'vel_y': 0.09}","{'timestep': 5, 'pos_x': 305.79, 'pos_y': 598.13, 'vel_x': 0.03, 'vel_y': -0.51}"
{'episode': 64},"{'timestep': 0, 'pos_x': 450.09, 'pos_y': 572.89, 'vel_x': -0.03, 'vel_y': -0.08}","{'timestep': 5, 'pos_x': 449.91, 'pos_y': 570.91, 'vel_x': -0.03, 'vel_y': -0.68}"
{'episode': 65},"{'timestep': 0, 'pos_x': 115.16, 'pos_y': 406.75, 'vel_x': -0.03, 'vel_y': -0.02}","{'timestep': 5, 'pos_x': 114.99, 'pos_y': 405.1, 'vel_x': -0.03, 'vel_y': -0.62}"
{'episode': 66},"{'timestep': 0, 'pos_x': 88.12, 'pos_y': 86.44, 'vel_x': 0.09, 'vel_y': -0.06}","{'timestep': 5, 'pos_x': 88.67, 'pos_y': 84.61, 'vel_x': 0.09, 'vel_y': -0.66}"
{'episode': 67},"{'timestep': 0, 'pos_x': 97.14, 'pos_y': 67.9, 'vel_x': 0.09, 'vel_y': -0.06}","{'timestep': 5, 'pos_x': 97.65, 'pos_y': 66.03, 'vel_x': 0.09, 'vel_y': -0.66}"
{'episode': 68},"{'timestep': 0, 'pos_x': 127.0, 'pos_y': 315.81, 'vel_x': 0.07, 'vel_y': 0.02}","{'timestep': 5, 'pos_x': 127.42, 'pos_y': 314.42, 'vel_x': 0.07, 'vel_y': -0.58}"
{'episode': 69},"{'timestep': 0, 'pos_x': 526.18, 'pos_y': 427.9, 'vel_x': 0.03, 'vel_y': -0.04}","{'timestep': 5, 'pos_x': 526.37, 'pos_y': 426.15, 'vel_x': 0.03, 'vel_y': -0.64}"
{'episode': 70},"{'timestep': 0, 'pos_x': 264.1, 'pos_y': 318.63, 'vel_x': -0.02, 'vel_y': 0.05}","{'timestep': 5, 'pos_x': 263.98, 'pos_y': 317.42, 'vel_x': -0.02, 'vel_y': -0.55}"
{'episode': 71},"{'timestep': 0, 'pos_x': 233.67, 'pos_y': 291.97, 'vel_x': 0.07, 'vel_y': -0.06}","{'timestep': 5, 'pos_x': 234.09, 'pos_y': 290.09, 'vel_x': 0.07, 'vel_y': -0.66}"
{'episode': 72},"{'timestep': 0, 'pos_x': 97.57, 'pos_y': 84.73, 'vel_x': 0.06, 'vel_y': -0.08}","{'timestep': 5, 'pos_x': 97.94, 'pos_y': 82.74, 'vel_x': 0.06, 'vel_y': -0.68}"
{'episode': 73},"{'timestep': 0, 'pos_x': 443.07, 'pos_y': 496.56, 'vel_x': -0.03, 'vel_y': 0.0}","{'timestep': 5, 'pos_x': 442.91, 'pos_y': 495.08, 'vel_x': -0.03, 'vel_y': -0.6}"
{'episode': 74},"{'timestep': 0, 'pos_x': 183.29, 'pos_y': 385.07, 'vel_x': -0.03, 'vel_y': 0.03}","{'timestep': 5, 'pos_x': 183.12, 'pos_y': 383.76, 'vel_x': -0.03, 'vel_y': -0.57}"
{'episode': 75},"{'timestep': 0, 'pos_x': 560.24, 'pos_y': 396.56, 'vel_x': -0.04, 'vel_y': 0.02}","{'timestep': 5, 'pos_x': 559.99, 'pos_y': 395.17, 'vel_x': -0.04, 'vel_y': -0.58}"
{'episode': 76},"{'timestep': 0, 'pos_x': 304.62, 'pos_y': 25.02, 'vel_x': -0.04, 'vel_y': 0.06}","{'timestep': 5, 'pos_x': 304.39, 'pos_y': 23.91, 'vel_x': -0.04, 'vel_y': -0.54}"
{'episode': 77},"{'timestep': 0, 'pos_x': 322.44, 'pos_y': 28.95, 'vel_x': 0.04, 'vel_y': -0.06}","{'timestep': 5, 'pos_x': 322.7, 'pos_y': 27.09, 'vel_x': 0.04, 'vel_y': -0.66}"
{'episode': 78},"{'timestep': 0, 'pos_x': 391.72, 'pos_y': 322.45, 'vel_x': -0.02, 'vel_y': -0.08}","{'timestep': 5, 'pos_x': 391.62, 'pos_y': 320.49, 'vel_x': -0.02, 'vel_y': -0.68}"
{'episode': 79},"{'timestep': 0, 'pos_x': 687.45, 'pos_y': 162.68, 'vel_x': 0.02, 'vel_y': 0.06}","{'timestep': 5, 'pos_x': 687.56, 'pos_y': 161.51, 'vel_x': 0.02, 'vel_y': -0.54}"
{'episode': 80},"{'timestep': 0, 'pos_x': 630.22, 'pos_y': 533.99, 'vel_x': -0.01, 'vel_y': -0.05}","{'timestep': 5, 'pos_x': 630.18, 'pos_y': 532.19, 'vel_x': -0.01, 'vel_y': -0.65}"
{'episode': 81},"{'timestep': 0, 'pos_x': 72.98, 'pos_y': 424.56, 'vel_x': -0.09, 'vel_y': -0.04}","{'timestep': 5, 'pos_x': 72.42, 'pos_y': 422.79, 'vel_x': -0.09, 'vel_y': -0.64}"
{'episode': 82},"{'timestep': 0, 'pos_x': 595.97, 'pos_y': 287.06, 'vel_x': -0.01, 'vel_y': -0.05}","{'timestep': 5, 'pos_x': 595.9, 'pos_y': 285.27, 'vel_x': -0.01, 'vel_y': -0.65}"
{'episode': 83},"{'timestep': 0, 'pos_x': 90.1, 'pos_y': 169.61, 'vel_x': -0.09, 'vel_y': 0.05}","{'timestep': 5, 'pos_x': 89.53, 'pos_y': 168.41, 'vel_x': -0.09, 'vel_y': -0.55}"
{'episode': 84},"{'timestep': 0, 'pos_x': 321.53, 'pos_y': 577.16, 'vel_x': -0.05, 'vel_y': 0.04}","{'timestep': 5, 'pos_x': 321.25, 'pos_y': 575.87, 'vel_x': -0.05, 'vel_y': -0.56}"
{'episode': 85},"{'timestep': 0, 'pos_x': 288.4, 'pos_y': 8.37, 'vel_x': -0.09, 'vel_y': -0.04}","{'timestep': 5, 'pos_x': 287.83, 'pos_y': 6.62, 'vel_x': -0.09, 'vel_y': -0.64}"
{'episode': 86},"{'timestep': 0, 'pos_x': 98.05, 'pos_y': 387.12, 'vel_x': 0.09, 'vel_y': -0.0}","{'timestep': 5, 'pos_x': 98.62, 'pos_y': 385.61, 'vel_x': 0.09, 'vel_y': -0.6}"
{'episode': 87},"{'timestep': 0, 'pos_x': 364.75, 'pos_y': 353.38, 'vel_x': -0.03, 'vel_y': 0.0}","{'timestep': 5, 'pos_x': 364.58, 'pos_y': 351.9, 'vel_x': -0.03, 'vel_y': -0.6}"
{'episode': 88},"{'timestep': 0, 'pos_x': 24.83, 'pos_y': 521.18, 'vel_x': -0.1, 'vel_y': 0.08}","{'timestep': 5, 'pos_x': 24.25, 'pos_y': 520.17, 'vel_x': -0.1, 'vel_y': -0.52}"
{'episode': 89},"{'timestep': 0, 'pos_x': 390.43, 'pos_y': 110.79, 'vel_x': -0.01, 'vel_y': -0.07}","{'timestep': 5, 'pos_x': 390.38, 'pos_y': 108.89, 'vel_x': -0.01, 'vel_y': -0.67}"
{'episode': 90},"{'timestep': 0, 'pos_x': 11.66, 'pos_y': 346.78, 'vel_x': -0.05, 'vel_y': -0.03}","{'timestep': 5, 'pos_x': 11.33, 'pos_y': 345.08, 'vel_x': -0.05, 'vel_y': -0.63}"
{'episode': 91},"{'timestep': 0, 'pos_x': 253.73, 'pos_y': 87.57, 'vel_x': 0.09, 'vel_y': 0.02}","{'timestep': 5, 'pos_x': 254.3, 'pos_y': 86.19, 'vel_x': 0.09, 'vel_y': -0.58}"
{'episode': 92},"{'timestep': 0, 'pos_x': 315.69, 'pos_y': 72.92, 'vel_x': -0.09, 'vel_y': 0.08}","{'timestep': 5, 'pos_x': 315.17, 'pos_y': 71.89, 'vel_x': -0.09, 'vel_y': -0.52}"
{'episode': 93},"{'timestep': 0, 'pos_x': 203.78, 'pos_y': 3.93, 'vel_x': 0.0, 'vel_y': 0.06}","{'timestep': 5, 'pos_x': 203.79, 'pos_y': 2.79, 'vel_x': 0.0, 'vel_y': -0.54}"
{'episode': 94},"{'timestep': 0, 'pos_x': 179.96, 'pos_y': 114.36, 'vel_x': -0.04, 'vel_y': -0.04}","{'timestep': 5, 'pos_x': 179.71, 'pos_y': 112.64, 'vel_x': -0.04, 'vel_y': -0.64}"
{'episode': 95},"{'timestep': 0, 'pos_x': 471.45, 'pos_y': 215.07, 'vel_x': -0.02, 'vel_y': 0.01}","{'timestep': 5, 'pos_x': 471.34, 'pos_y': 213.6, 'vel_x': -0.02, 'vel_y': -0.59}"
{'episode': 96},"{'timestep': 0, 'pos_x': 343.84, 'pos_y': 365.74, 'vel_x': -0.05, 'vel_y': -0.05}","{'timestep': 5, 'pos_x': 343.56, 'pos_y': 363.92, 'vel_x': -0.05, 'vel_y': -0.65}"
{'episode': 97},"{'timestep': 0, 'pos_x': 657.3, 'pos_y': 260.68, 'vel_x': -0.02, 'vel_y': 0.09}","{'timestep': 5, 'pos_x': 657.19, 'pos_y': 259.71, 'vel_x': -0.02, 'vel_y': -0.51}"
{'episode': 98},"{'timestep': 0, 'pos_x': 771.03, 'pos_y': 497.42, 'vel_x': -0.09, 'vel_y': -0.06}","{'timestep': 5, 'pos_x': 770.47, 'pos_y': 495.54, 'vel_x': -0.09, 'vel_y': -0.66}"
{'episode': 99},"{'timestep': 0, 'pos_x': 588.78, 'pos_y': 373.71, 'vel_x': -0.03, 'vel_y': 0.0}","{'timestep': 5, 'pos_x': 588.58, 'pos_y': 372.24, 'vel_x': -0.03, 'vel_y': -0.6}"
{'episode': 100},"{'timestep': 0, 'pos_x': 37.59, 'pos_y': 124.22, 'vel_x': 0.07, 'vel_y': 0.04}","{'timestep': 5, 'pos_x': 37.99, 'pos_y': 122.94, 'vel_x': 0.07, 'vel_y': -0.56}"
{'episode': 101},"{'timestep': 0, 'pos_x': 70.58, 'pos_y': 336.88, 'vel_x': -0.08, 'vel_y': -0.02}","{'timestep': 5, 'pos_x': 70.07, 'pos_y': 335.28, 'vel_x': -0.08, 'vel_y': -0.62}"
{'episode': 102},"{'timestep': 0, 'pos_x': 264.51, 'pos_y': 460.77, 'vel_x': -0.01, 'vel_y': -0.02}","{'timestep': 5, 'pos_x': 264.47, 'pos_y': 459.17, 'vel_x': -0.01, 'vel_y': -0.62}"
{'episode': 103},"{'timestep': 0, 'pos_x': 568.97, 'pos_y': 296.47, 'vel_x': -0.06, 'vel_y': -0.03}","{'timestep': 5, 'pos_x': 568.64, 'pos_y': 294.79, 'vel_x': -0.06, 'vel_y': -0.63}"
{'episode': 104},"{'timestep': 0, 'pos_x': 112.42, 'pos_y': 66.04, 'vel_x': -0.02, 'vel_y': 0.01}","{'timestep': 5, 'pos_x': 112.3, 'pos_y': 64.63, 'vel_x': -0.02, 'vel_y': -0.59}"
{'episode': 105},"{'timestep': 0, 'pos_x': 267.11, 'pos_y': 457.75, 'vel_x': -0.02, 'vel_y': -0.05}","{'timestep': 5, 'pos_x': 266.99, 'pos_y': 455.96, 'vel_x': -0.02, 'vel_y': -0.65}"
{'episode': 106},"{'timestep': 0, 'pos_x': 560.05, 'pos_y': 245.61, 'vel_x': 0.04, 'vel_y': 0.07}","{'timestep': 5, 'pos_x': 560.27, 'pos_y': 244.52, 'vel_x': 0.04, 'vel_y': -0.53}"
{'episode': 107},"{'timestep': 0, 'pos_x': 730.6, 'pos_y': 45.17, 'vel_x': 0.06, 'vel_y': 0.05}","{'timestep': 5, 'pos_x': 730.95, 'pos_y': 43.98, 'vel_x': 0.06, 'vel_y': -0.55}"
{'episode': 108},"{'timestep': 0, 'pos_x': 151.78, 'pos_y': 154.0, 'vel_x': 0.09, 'vel_y': 0.04}","{'timestep': 5, 'pos_x': 152.33, 'pos_y': 152.73, 'vel_x': 0.09, 'vel_y': -0.56}"
{'episode': 109},"{'timestep': 0, 'pos_x': 101.07, 'pos_y': 310.31, 'vel_x': 0.06, 'vel_y': -0.02}","{'timestep': 5, 'pos_x': 101.41, 'pos_y': 308.67, 'vel_x': 0.06, 'vel_y': -0.62}"
{'episode': 110},"{'timestep': 0, 'pos_x': 116.13, 'pos_y': 100.17, 'vel_x': -0.05, 'vel_y': 0.08}","{'timestep': 5, 'pos_x': 115.86, 'pos_y': 99.14, 'vel_x': -0.05, 'vel_y': -0.52}"
{'episode': 111},"{'timestep': 0, 'pos_x': 16.69, 'pos_y': 225.21, 'vel_x': -0.01, 'vel_y': -0.06}","{'timestep': 5, 'pos_x': 16.65, 'pos_y': 223.35, 'vel_x': -0.01, 'vel_y': -0.66}"
{'episode': 112},"{'timestep': 0, 'pos_x': 542.21, 'pos_y': 189.03, 'vel_x': 0.09, 'vel_y': 0.01}","{'timestep': 5, 'pos_x': 542.73, 'pos_y': 187.58, 'vel_x': 0.09, 'vel_y': -0.59}"
{'episode': 113},"{'timestep': 0, 'pos_x': 783.49, 'pos_y': 91.33, 'vel_x': 0.05, 'vel_y': 0.09}","{'timestep': 5, 'pos_x': 783.81, 'pos_y': 90.4, 'vel_x': 0.05, 'vel_y': -0.51}"
{'episode': 114},"{'timestep': 0, 'pos_x': 708.68, 'pos_y': 379.1, 'vel_x': -0.05, 'vel_y': 0.02}","{'timestep': 5, 'pos_x': 708.4, 'pos_y': 377.74, 'vel_x': -0.05, 'vel_y': -0.58}"
{'episode': 115},"{'timestep': 0, 'pos_x': 338.06, 'pos_y': 204.08, 'vel_x': 0.05, 'vel_y': -0.07}","{'timestep': 5, 'pos_x': 338.37, 'pos_y': 202.14, 'vel_x': 0.05, 'vel_y': -0.67}"
{'episode': 116},"{'timestep': 0, 'pos_x': 605.33, 'pos_y': 534.71, 'vel_x': 0.01, 'vel_y': -0.05}","{'timestep': 5, 'pos_x': 605.4, 'pos_y': 532.89, 'vel_x': 0.01, 'vel_y': -0.65}"
{'episode': 117},"{'timestep': 0, 'pos_x': 526.4, 'pos_y': 238.1, 'vel_x': 0.06, 'vel_y': -0.05}","{'timestep': 5, 'pos_x': 526.77, 'pos_y': 236.27, 'vel_x': 0.06, 'vel_y': -0.65}"
{'episode': 118},"{'timestep': 0, 'pos_x': 324.89, 'pos_y': 580.24, 'vel_x': -0.06, 'vel_y': -0.07}","{'timestep': 5, 'pos_x': 324.55, 'pos_y': 578.3, 'vel_x': -0.06, 'vel_y': -0.67}"
{'episode': 119},"{'timestep': 0, 'pos_x': 465.68, 'pos_y': 495.67, 'vel_x': -0.1, 'vel_y': -0.02}","{'timestep': 5, 'pos_x': 465.1, 'pos_y': 494.07, 'vel_x': -0.1, 'vel_y': -0.62}"
{'episode': 120},"{'timestep': 0, 'pos_x': 503.51, 'pos_y': 329.55, 'vel_x': 0.05, 'vel_y': 0.03}","{'timestep': 5, 'pos_x': 503.82, 'pos_y': 328.26, 'vel_x': 0.05, 'vel_y': -0.57}"
{'episode': 121},"{'timestep': 0, 'pos_x': 581.6, 'pos_y': 339.77, 'vel_x': -0.01, 'vel_y': 0.01}","{'timestep': 5, 'pos_x': 581.53, 'pos_y': 338.36, 'vel_x': -0.01, 'vel_y': -0.59}"
{'episode': 122},"{'timestep': 0, 'pos_x': 541.39, 'pos_y': 267.23, 'vel_x': 0.03, 'vel_y': 0.07}","{'timestep': 5, 'pos_x': 541.58, 'pos_y': 266.13, 'vel_x': 0.03, 'vel_y': -0.53}"
{'episode': 123},"{'timestep': 0, 'pos_x': 676.17, 'pos_y': 117.61, 'vel_x': -0.09, 'vel_y': 0.08}","{'timestep': 5, 'pos_x': 675.65, 'pos_y': 116.59, 'vel_x': -0.09, 'vel_y': -0.52}"
{'episode': 124},"{'timestep': 0, 'pos_x': 90.55, 'pos_y': 330.1, 'vel_x': 0.05, 'vel_y': -0.03}","{'timestep': 5, 'pos_x': 90.87, 'pos_y': 328.43, 'vel_x': 0.05, 'vel_y': -0.63}"
{'episode': 125},"{'timestep': 0, 'pos_x': 557.21, 'pos_y': 588.64, 'vel_x': -0.05, 'vel_y': 0.08}","{'timestep': 5, 'pos_x': 556.92, 'pos_y': 587.62, 'vel_x': -0.05, 'vel_y': -0.52}"
{'episode': 126},"{'timestep': 0, 'pos_x': 252.67, 'pos_y': 234.69, 'vel_x': 0.06, 'vel_y': -0.07}","{'timestep': 5, 'pos_x': 253.01, 'pos_y': 232.77, 'vel_x': 0.06, 'vel_y': -0.67}"
{'episode': 127},"{'timestep': 0, 'pos_x': 77.53, 'pos_y': 123.81, 'vel_x': -0.03, 'vel_y': -0.09}","{'timestep': 5, 'pos_x': 77.38, 'pos_y': 121.8, 'vel_x': -0.03, 'vel_y': -0.69}"
{'episode': 128},"{'timestep': 0, 'pos_x': 41.05, 'pos_y': 472.56, 'vel_x': -0.07, 'vel_y': -0.05}","{'timestep': 5, 'pos_x': 40.63, 'pos_y': 470.75, 'vel_x': -0.07, 'vel_y': -0.65}"
{'episode': 129},"{'timestep': 0, 'pos_x': 91.3, 'pos_y': 127.24, 'vel_x': 0.04, 'vel_y': 0.08}","{'timestep': 5, 'pos_x': 91.55, 'pos_y': 126.23, 'vel_x': 0.04, 'vel_y': -0.52}"
{'episode': 130},"{'timestep': 0, 'pos_x': 286.99, 'pos_y': 208.18, 'vel_x': 0.05, 'vel_y': -0.06}","{'timestep': 5, 'pos_x': 287.31, 'pos_y': 206.33, 'vel_x': 0.05, 'vel_y': -0.66}"
{'episode': 131},"{'timestep': 0, 'pos_x': 81.83, 'pos_y': 126.67, 'vel_x': 0.03, 'vel_y': -0.05}","{'timestep': 5, 'pos_x': 82.01, 'pos_y': 124.87, 'vel_x': 0.03, 'vel_y': -0.65}"
{'episode': 132},"{'timestep': 0, 'pos_x': 463.46, 'pos_y': 213.75, 'vel_x': -0.03, 'vel_y': -0.0}","{'timestep': 5, 'pos_x': 463.27, 'pos_y': 212.23, 'vel_x': -0.03, 'vel_y': -0.6}"
{'episode': 133},"{'timestep': 0, 'pos_x': 563.57, 'pos_y': 402.09, 'vel_x': -0.07, 'vel_y': 0.09}","{'timestep': 5, 'pos_x': 563.18, 'pos_y': 401.13, 'vel_x': -0.07, 'vel_y': -0.51}"
{'episode': 134},"{'timestep': 0, 'pos_x': 117.23, 'pos_y': 200.83, 'vel_x': 0.0, 'vel_y': -0.05}","{'timestep': 5, 'pos_x': 117.24, 'pos_y': 199.0, 'vel_x': 0.0, 'vel_y': -0.65}"
{'episode': 135},"{'timestep': 0, 'pos_x': 714.12, 'pos_y': 553.0, 'vel_x': -0.05, 'vel_y': -0.01}","{'timestep': 5, 'pos_x': 713.84, 'pos_y': 551.43, 'vel_x': -0.05, 'vel_y': -0.61}"
{'episode': 136},"{'timestep': 0, 'pos_x': 630.98, 'pos_y': 531.14, 'vel_x': 0.1, 'vel_y': 0.07}","{'timestep': 5, 'pos_x': 631.55, 'pos_y': 530.06, 'vel_x': 0.1, 'vel_y': -0.53}"
{'episode': 137},"{'timestep': 0, 'pos_x': 545.22, 'pos_y': 124.41, 'vel_x': 0.01, 'vel_y': 0.04}","{'timestep': 5, 'pos_x': 545.26, 'pos_y': 123.14, 'vel_x': 0.01, 'vel_y': -0.56}"
{'episode': 138},"{'timestep': 0, 'pos_x': 539.5, 'pos_y': 129.15, 'vel_x': -0.04, 'vel_y': 0.01}","{'timestep': 5, 'pos_x': 539.28, 'pos_y': 127.74, 'vel_x': -0.04, 'vel_y': -0.59}"
{'episode': 139},"{'timestep': 0, 'pos_x': 686.17, 'pos_y': 568.44, 'vel_x': -0.02, 'vel_y': -0.05}","{'timestep': 5, 'pos_x': 686.06, 'pos_y': 566.66, 'vel_x': -0.02, 'vel_y': -0.65}"
{'episode': 140},"{'timestep': 0, 'pos_x': 125.42, 'pos_y': 188.82, 'vel_x': -0.02, 'vel_y': 0.09}","{'timestep': 5, 'pos_x': 125.28, 'pos_y': 187.88, 'vel_x': -0.02, 'vel_y': -0.51}"
{'episode': 141},"{'timestep': 0, 'pos_x': 476.17, 'pos_y': 214.65, 'vel_x': 0.05, 'vel_y': 0.03}","{'timestep': 5, 'pos_x': 476.46, 'pos_y': 213.34, 'vel_x': 0.05, 'vel_y': -0.57}"
{'episode': 142},"{'timestep': 0, 'pos_x': 410.45, 'pos_y': 17.71, 'vel_x': 0.0, 'vel_y': 0.07}","{'timestep': 5, 'pos_x': 410.46, 'pos_y': 16.64, 'vel_x': 0.0, 'vel_y': -0.53}"
{'episode': 143},"{'timestep': 0, 'pos_x': 326.46, 'pos_y': 462.55, 'vel_x': 0.1, 'vel_y': 0.07}","{'timestep': 5, 'pos_x': 327.06, 'pos_y': 461.47, 'vel_x': 0.1, 'vel_y': -0.53}"
{'episode': 144},"{'timestep': 0, 'pos_x': 475.72, 'pos_y': 385.28, 'vel_x': 0.01, 'vel_y': -0.01}","{'timestep': 5, 'pos_x': 475.78, 'pos_y': 383.71, 'vel_x': 0.01, 'vel_y': -0.61}"
{'episode': 145},"{'timestep': 0, 'pos_x': 290.37, 'pos_y': 400.48, 'vel_x': 0.0, 'vel_y': -0.08}","{'timestep': 5, 'pos_x': 290.39, 'pos_y': 398.53, 'vel_x': 0.0, 'vel_y': -0.68}"
{'episode': 146},"{'timestep': 0, 'pos_x': 634.45, 'pos_y': 78.06, 'vel_x': 0.1, 'vel_y': -0.04}","{'timestep': 5, 'pos_x': 635.03, 'pos_y': 76.35, 'vel_x': 0.1, 'vel_y': -0.64}"
{'episode': 147},"{'timestep': 0, 'pos_x': 215.95, 'pos_y': 54.38, 'vel_x': -0.0, 'vel_y': -0.08}","{'timestep': 5, 'pos_x': 215.94, 'pos_y': 52.42, 'vel_x': -0.0, 'vel_y': -0.68}"
{'episode': 148},"{'timestep': 0, 'pos_x': 367.21, 'pos_y': 514.73, 'vel_x': 0.03, 'vel_y': 0.01}","{'timestep': 5, 'pos_x': 367.4, 'pos_y': 513.28, 'vel_x': 0.03, 'vel_y': -0.59}"
{'episode': 149},"{'timestep': 0, 'pos_x': 130.39, 'pos_y': 335.01, 'vel_x': -0.04, 'vel_y': 0.03}","{'timestep': 5, 'pos_x': 130.14, 'pos_y': 333.69, 'vel_x': -0.04, 'vel_y': -0.57}"
{'episode': 150},"{'timestep': 0, 'pos_x': 104.52, 'pos_y': 331.98, 'vel_x': -0.03, 'vel_y': 0.04}","{'timestep': 5, 'pos_x': 104.37, 'pos_y': 330.74, 'vel_x': -0.03, 'vel_y': -0.56}"
{'episode': 151},"{'timestep': 0, 'pos_x': 212.65, 'pos_y': 383.92, 'vel_x': -0.01, 'vel_y': -0.06}","{'timestep': 5, 'pos_x': 212.61, 'pos_y': 382.04, 'vel_x': -0.01, 'vel_y': -0.66}"
{'episode': 152},"{'timestep': 0, 'pos_x': 553.01, 'pos_y': 358.44, 'vel_x': -0.07, 'vel_y': 0.01}","{'timestep': 5, 'pos_x': 552.59, 'pos_y': 356.98, 'vel_x': -0.07, 'vel_y': -0.59}"
{'episode': 153},"{'timestep': 0, 'pos_x': 396.08, 'pos_y': 134.97, 'vel_x': 0.0, 'vel_y': -0.09}","{'timestep': 5, 'pos_x': 396.11, 'pos_y': 132.93, 'vel_x': 0.0, 'vel_y': -0.69}"
{'episode': 154},"{'timestep': 0, 'pos_x': 633.12, 'pos_y': 573.88, 'vel_x': -0.06, 'vel_y': -0.01}","{'timestep': 5, 'pos_x': 632.76, 'pos_y': 572.29, 'vel_x': -0.06, 'vel_y': -0.61}"
{'episode': 155},"{'timestep': 0, 'pos_x': 29.21, 'pos_y': 192.08, 'vel_x': 0.02, 'vel_y': 0.01}","{'timestep': 5, 'pos_x': 29.3, 'pos_y': 190.65, 'vel_x': 0.02, 'vel_y': -0.59}"
{'episode': 156},"{'timestep': 0, 'pos_x': 579.56, 'pos_y': 149.58, 'vel_x': -0.07, 'vel_y': 0.03}","{'timestep': 5, 'pos_x': 579.13, 'pos_y': 148.25, 'vel_x': -0.07, 'vel_y': -0.57}"
{'episode': 157},"{'timestep': 0, 'pos_x': 149.93, 'pos_y': 467.6, 'vel_x': -0.02, 'vel_y': 0.01}","{'timestep': 5, 'pos_x': 149.81, 'pos_y': 466.17, 'vel_x': -0.02, 'vel_y': -0.59}"
{'episode': 158},"{'timestep': 0, 'pos_x': 585.32, 'pos_y': 281.46, 'vel_x': 0.09, 'vel_y': 0.08}","{'timestep': 5, 'pos_x': 585.87, 'pos_y': 280.44, 'vel_x': 0.09, 'vel_y': -0.52}"
{'episode': 159},"{'timestep': 0, 'pos_x': 390.11, 'pos_y': 272.91, 'vel_x': -0.0, 'vel_y': -0.09}","{'timestep': 5, 'pos_x': 390.1, 'pos_y': 270.89, 'vel_x': -0.0, 'vel_y': -0.69}"
{'episode': 160},"{'timestep': 0, 'pos_x': 333.78, 'pos_y': 378.41, 'vel_x': 0.03, 'vel_y': 0.01}","{'timestep': 5, 'pos_x': 333.98, 'pos_y': 376.99, 'vel_x': 0.03, 'vel_y': -0.59}"
{'episode': 161},"{'timestep': 0, 'pos_x': 545.28, 'pos_y': 368.11, 'vel_x': 0.04, 'vel_y': -0.01}","{'timestep': 5, 'pos_x': 545.5, 'pos_y': 366.56, 'vel_x': 0.04, 'vel_y': -0.61}"
{'episode': 162},"{'timestep': 0, 'pos_x': 61.12, 'pos_y': 31.93, 'vel_x': 0.1, 'vel_y': 0.08}","{'timestep': 5, 'pos_x': 61.71, 'pos_y': 30.88, 'vel_x': 0.1, 'vel_y': -0.52}"
{'episode': 163},"{'timestep': 0, 'pos_x': 636.44, 'pos_y': 213.04, 'vel_x': 0.06, 'vel_y': 0.07}","{'timestep': 5, 'pos_x': 636.79, 'pos_y': 211.97, 'vel_x': 0.06, 'vel_y': -0.53}"
{'episode': 164},"{'timestep': 0, 'pos_x': 481.07, 'pos_y': 482.41, 'vel_x': -0.04, 'vel_y': -0.04}","{'timestep': 5, 'pos_x': 480.83, 'pos_y': 480.67, 'vel_x': -0.04, 'vel_y': -0.64}"
{'episode': 165},"{'timestep': 0, 'pos_x': 256.78, 'pos_y': 414.61, 'vel_x': 0.01, 'vel_y': 0.02}","{'timestep': 5, 'pos_x': 256.85, 'pos_y': 413.26, 'vel_x': 0.01, 'vel_y': -0.58}"
{'episode': 166},"{'timestep': 0, 'pos_x': 477.62, 'pos_y': 101.23, 'vel_x': 0.04, 'vel_y': 0.06}","{'timestep': 5, 'pos_x': 477.84, 'pos_y': 100.08, 'vel_x': 0.04, 'vel_y': -0.54}"
{'episode': 167},"{'timestep': 0, 'pos_x': 590.5, 'pos_y': 134.71, 'vel_x': -0.07, 'vel_y': 0.04}","{'timestep': 5, 'pos_x': 590.11, 'pos_y': 133.48, 'vel_x': -0.07, 'vel_y': -0.56}"
{'episode': 168},"{'timestep': 0, 'pos_x': 100.35, 'pos_y': 398.76, 'vel_x': 0.05, 'vel_y': -0.0}","{'timestep': 5, 'pos_x': 100.67, 'pos_y': 397.25, 'vel_x': 0.05, 'vel_y': -0.6}"
{'episode': 169},"{'timestep': 0, 'pos_x': 794.07, 'pos_y': 411.73, 'vel_x': -0.06, 'vel_y': 0.08}","{'timestep': 5, 'pos_x': 793.74, 'pos_y': 410.73, 'vel_x': -0.06, 'vel_y': -0.52}"
{'episode': 170},"{'timestep': 0, 'pos_x': 770.91, 'pos_y': 379.67, 'vel_x': -0.01, 'vel_y': -0.02}","{'timestep': 5, 'pos_x': 770.83, 'pos_y': 378.04, 'vel_x': -0.01, 'vel_y': -0.62}"
{'episode': 171},"{'timestep': 0, 'pos_x': 498.13, 'pos_y': 269.32, 'vel_x': -0.01, 'vel_y': -0.04}","{'timestep': 5, 'pos_x': 498.07, 'pos_y': 267.57, 'vel_x': -0.01, 'vel_y': -0.64}"
{'episode': 172},"{'timestep': 0, 'pos_x': 774.82, 'pos_y': 176.94, 'vel_x': -0.03, 'vel_y': 0.06}","{'timestep': 5, 'pos_x': 774.62, 'pos_y': 175.77, 'vel_x': -0.03, 'vel_y': -0.54}"
{'episode': 173},"{'timestep': 0, 'pos_x': 60.22, 'pos_y': 294.24, 'vel_x': 0.07, 'vel_y': 0.06}","{'timestep': 5, 'pos_x': 60.63, 'pos_y': 293.08, 'vel_x': 0.07, 'vel_y': -0.54}"
{'episode': 174},"{'timestep': 0, 'pos_x': 17.45, 'pos_y': 46.55, 'vel_x': 0.05, 'vel_y': -0.09}","{'timestep': 5, 'pos_x': 17.77, 'pos_y': 44.5, 'vel_x': 0.05, 'vel_y': -0.69}"
{'episode': 175},"{'timestep': 0, 'pos_x': 148.51, 'pos_y': 511.7, 'vel_x': 0.06, 'vel_y': 0.08}","{'timestep': 5, 'pos_x': 148.9, 'pos_y': 510.66, 'vel_x': 0.06, 'vel_y': -0.52}"
{'episode': 176},"{'timestep': 0, 'pos_x': 38.6, 'pos_y': 428.27, 'vel_x': 0.06, 'vel_y': 0.05}","{'timestep': 5, 'pos_x': 38.95, 'pos_y': 427.04, 'vel_x': 0.06, 'vel_y': -0.55}"
{'episode': 177},"{'timestep': 0, 'pos_x': 254.32, 'pos_y': 94.7, 'vel_x': 0.08, 'vel_y': 0.09}","{'timestep': 5, 'pos_x': 254.77, 'pos_y': 93.76, 'vel_x': 0.08, 'vel_y': -0.51}"
{'episode': 178},"{'timestep': 0, 'pos_x': 704.92, 'pos_y': 127.94, 'vel_x': 0.1, 'vel_y': 0.05}","{'timestep': 5, 'pos_x': 705.52, 'pos_y': 126.73, 'vel_x': 0.1, 'vel_y': -0.55}"
{'episode': 179},"{'timestep': 0, 'pos_x': 240.8, 'pos_y': 152.78, 'vel_x': -0.07, 'vel_y': 0.09}","{'timestep': 5, 'pos_x': 240.36, 'pos_y': 151.82, 'vel_x': -0.07, 'vel_y': -0.51}"
{'episode': 180},"{'timestep': 0, 'pos_x': 518.44, 'pos_y': 281.17, 'vel_x': 0.0, 'vel_y': 0.08}","{'timestep': 5, 'pos_x': 518.44, 'pos_y': 280.15, 'vel_x': 0.0, 'vel_y': -0.52}"
{'episode': 181},"{'timestep': 0, 'pos_x': 698.44, 'pos_y': 312.44, 'vel_x': 0.02, 'vel_y': 0.07}","{'timestep': 5, 'pos_x': 698.53, 'pos_y': 311.35, 'vel_x': 0.02, 'vel_y': -0.53}"
{'episode': 182},"{'timestep': 0, 'pos_x': 584.66, 'pos_y': 572.03, 'vel_x': 0.1, 'vel_y': 0.01}","{'timestep': 5, 'pos_x': 585.25, 'pos_y': 570.6, 'vel_x': 0.1, 'vel_y': -0.59}"
{'episode': 183},"{'timestep': 0, 'pos_x': 236.09, 'pos_y': 385.53, 'vel_x': 0.01, 'vel_y': 0.03}","{'timestep': 5, 'pos_x': 236.17, 'pos_y': 384.18, 'vel_x': 0.01, 'vel_y': -0.57}"
{'episode': 184},"{'timestep': 0, 'pos_x': 479.05, 'pos_y': 353.79, 'vel_x': -0.05, 'vel_y': 0.1}","{'timestep': 5, 'pos_x': 478.77, 'pos_y': 352.87, 'vel_x': -0.05, 'vel_y': -0.5}"
{'episode': 185},"{'timestep': 0, 'pos_x': 39.87, 'pos_y': 71.2, 'vel_x': 0.08, 'vel_y': -0.09}","{'timestep': 5, 'pos_x': 40.37, 'pos_y': 69.17, 'vel_x': 0.08, 'vel_y': -0.69}"
{'episode': 186},"{'timestep': 0, 'pos_x': 112.94, 'pos_y': 484.62, 'vel_x': 0.08, 'vel_y': 0.06}","{'timestep': 5, 'pos_x': 113.4, 'pos_y': 483.48, 'vel_x': 0.08, 'vel_y': -0.54}"
{'episode': 187},"{'timestep': 0, 'pos_x': 525.28, 'pos_y': 599.45, 'vel_x': -0.07, 'vel_y': 0.05}","{'timestep': 5, 'pos_x': 524.88, 'pos_y': 598.25, 'vel_x': -0.07, 'vel_y': -0.55}"
{'episode': 188},"{'timestep': 0, 'pos_x': 118.12, 'pos_y': 594.36, 'vel_x': 0.05, 'vel_y': -0.08}","{'timestep': 5, 'pos_x': 118.4, 'pos_y': 592.4, 'vel_x': 0.05, 'vel_y': -0.68}"
{'episode': 189},"{'timestep': 0, 'pos_x': 697.36, 'pos_y': 97.48, 'vel_x': -0.01, 'vel_y': 0.0}","{'timestep': 5, 'pos_x': 697.32, 'pos_y': 95.99, 'vel_x': -0.01, 'vel_y': -0.6}"
{'episode': 190},"{'timestep': 0, 'pos_x': 65.4, 'pos_y': 596.98, 'vel_x': 0.02, 'vel_y': 0.03}","{'timestep': 5, 'pos_x': 65.52, 'pos_y': 595.64, 'vel_x': 0.02, 'vel_y': -0.57}"
{'episode': 191},"{'timestep': 0, 'pos_x': 634.97, 'pos_y': 527.49, 'vel_x': -0.0, 'vel_y': -0.1}","{'timestep': 5, 'pos_x': 634.97, 'pos_y': 525.41, 'vel_x': -0.0, 'vel_y': -0.7}"
{'episode': 192},"{'timestep': 0, 'pos_x': 722.41, 'pos_y': 500.18, 'vel_x': 0.08, 'vel_y': -0.1}","{'timestep': 5, 'pos_x': 722.9, 'pos_y': 498.09, 'vel_x': 0.08, 'vel_y': -0.7}"
{'episode': 193},"{'timestep': 0, 'pos_x': 682.15, 'pos_y': 169.32, 'vel_x': 0.02, 'vel_y': -0.01}","{'timestep': 5, 'pos_x': 682.28, 'pos_y': 167.76, 'vel_x': 0.02, 'vel_y': -0.61}"
{'episode': 194},"{'timestep': 0, 'pos_x': 103.34, 'pos_y': 332.57, 'vel_x': 0.04, 'vel_y': -0.07}","{'timestep': 5, 'pos_x': 103.59, 'pos_y': 330.66, 'vel_x': 0.04, 'vel_y': -0.67}"
{'episode': 195},"{'timestep': 0, 'pos_x': 222.9, 'pos_y': 199.73, 'vel_x': 0.03, 'vel_y': -0.07}","{'timestep': 5, 'pos_x': 223.08, 'pos_y': 197.82, 'vel_x': 0.03, 'vel_y': -0.67}"
{'episode': 196},"{'timestep': 0, 'pos_x': 625.65, 'pos_y': 168.81, 'vel_x': -0.09, 'vel_y': -0.02}","{'timestep': 5, 'pos_x': 625.09, 'pos_y': 167.19, 'vel_x': -0.09, 'vel_y': -0.62}"
{'episode': 197},"{'timestep': 0, 'pos_x': 8.02, 'pos_y': 290.21, 'vel_x': 0.04, 'vel_y': -0.08}","{'timestep': 5, 'pos_x': 8.28, 'pos_y': 288.22, 'vel_x': 0.04, 'vel_y': -0.68}"
{'episode': 198},"{'timestep': 0, 'pos_x': 667.57, 'pos_y': 506.7, 'vel_x': -0.02, 'vel_y': 0.04}","{'timestep': 5, 'pos_x': 667.45, 'pos_y': 505.44, 'vel_x': -0.02, 'vel_y': -0.56}"
{'episode': 199},"{'timestep': 0, 'pos_x': 459.43, 'pos_y': 159.37, 'vel_x': -0.04, 'vel_y': -0.01}","{'timestep': 5, 'pos_x': 459.18, 'pos_y': 157.79, 'vel_x': -0.04, 'vel_y': -0.61}"
{'episode': 200},"{'timestep': 0, 'pos_x': 137.15, 'pos_y': 88.36, 'vel_x': 0.03, 'vel_y': 0.04}","{'timestep': 5, 'pos_x': 137.32, 'pos_y': 87.1, 'vel_x': 0.03, 'vel_y': -0.56}"
{'episode': 201},"{'timestep': 0, 'pos_x': 597.8, 'pos_y': 420.58, 'vel_x': -0.0, 'vel_y': 0.07}","{'timestep': 5, 'pos_x': 597.77, 'pos_y': 419.48, 'vel_x': -0.0, 'vel_y': -0.53}"
{'episode': 202},"{'timestep': 0, 'pos_x': 324.57, 'pos_y': 228.5, 'vel_x': -0.03, 'vel_y': 0.02}","{'timestep': 5, 'pos_x': 324.4, 'pos_y': 227.11, 'vel_x': -0.03, 'vel_y': -0.58}"
{'episode': 203},"{'timestep': 0, 'pos_x': 226.62, 'pos_y': 228.17, 'vel_x': -0.02, 'vel_y': -0.0}","{'timestep': 5, 'pos_x': 226.49, 'pos_y': 226.66, 'vel_x': -0.02, 'vel_y': -0.6}"
{'episode': 204},"{'timestep': 0, 'pos_x': 749.51, 'pos_y': 488.0, 'vel_x': -0.01, 'vel_y': -0.01}","{'timestep': 5, 'pos_x': 749.44, 'pos_y': 486.46, 'vel_x': -0.01, 'vel_y': -0.61}"
{'episode': 205},"{'timestep': 0, 'pos_x': 15.99, 'pos_y': 34.73, 'vel_x': -0.04, 'vel_y': -0.06}","{'timestep': 5, 'pos_x': 15.76, 'pos_y': 32.86, 'vel_x': -0.04, 'vel_y': -0.66}"
{'episode': 206},"{'timestep': 0, 'pos_x': 408.88, 'pos_y': 185.46, 'vel_x': 0.01, 'vel_y': 0.04}","{'timestep': 5, 'pos_x': 408.94, 'pos_y': 184.17, 'vel_x': 0.01, 'vel_y': -0.56}"
{'episode': 207},"{'timestep': 0, 'pos_x': 494.7, 'pos_y': 56.59, 'vel_x': 0.09, 'vel_y': 0.03}","{'timestep': 5, 'pos_x': 495.21, 'pos_y': 55.25, 'vel_x': 0.09, 'vel_y': -0.57}"
{'episode': 208},"{'timestep': 0, 'pos_x': 356.33, 'pos_y': 271.57, 'vel_x': -0.01, 'vel_y': -0.01}","{'timestep': 5, 'pos_x': 356.26, 'pos_y': 270.03, 'vel_x': -0.01, 'vel_y': -0.61}"
{'episode': 209},"{'timestep': 0, 'pos_x': 120.75, 'pos_y': 448.76, 'vel_x': 0.03, 'vel_y': 0.07}","{'timestep': 5, 'pos_x': 120.92, 'pos_y': 447.7, 'vel_x': 0.03, 'vel_y': -0.53}"
{'episode': 210},"{'timestep': 0, 'pos_x': 643.07, 'pos_y': 380.68, 'vel_x': -0.07, 'vel_y': 0.01}","{'timestep': 5, 'pos_x': 642.66, 'pos_y': 379.21, 'vel_x': -0.07, 'vel_y': -0.59}"
{'episode': 211},"{'timestep': 0, 'pos_x': 254.88, 'pos_y': 269.22, 'vel_x': 0.08, 'vel_y': -0.01}","{'timestep': 5, 'pos_x': 255.39, 'pos_y': 267.65, 'vel_x': 0.08, 'vel_y': -0.61}"
{'episode': 212},"{'timestep': 0, 'pos_x': 491.24, 'pos_y': 41.28, 'vel_x': -0.07, 'vel_y': 0.08}","{'timestep': 5, 'pos_x': 490.85, 'pos_y': 40.24, 'vel_x': -0.07, 'vel_y': -0.52}"
{'episode': 213},"{'timestep': 0, 'pos_x': 236.85, 'pos_y': 132.78, 'vel_x': 0.02, 'vel_y': -0.01}","{'timestep': 5, 'pos_x': 236.96, 'pos_y': 131.21, 'vel_x': 0.02, 'vel_y': -0.61}"
{'episode': 214},"{'timestep': 0, 'pos_x': 460.21, 'pos_y': 583.19, 'vel_x': 0.06, 'vel_y': 0.07}","{'timestep': 5, 'pos_x': 460.54, 'pos_y': 582.09, 'vel_x': 0.06, 'vel_y': -0.53}"
{'episode': 215},"{'timestep': 0, 'pos_x': 75.49, 'pos_y': 553.77, 'vel_x': -0.02, 'vel_y': 0.09}","{'timestep': 5, 'pos_x': 75.38, 'pos_y': 552.8, 'vel_x': -0.02, 'vel_y': -0.51}"
{'episode': 216},"{'timestep': 0, 'pos_x': 410.24, 'pos_y': 518.4, 'vel_x': 0.09, 'vel_y': 0.04}","{'timestep': 5, 'pos_x': 410.76, 'pos_y': 517.17, 'vel_x': 0.09, 'vel_y': -0.56}"
{'episode': 217},"{'timestep': 0, 'pos_x': 219.92, 'pos_y': 355.24, 'vel_x': 0.04, 'vel_y': 0.01}","{'timestep': 5, 'pos_x': 220.14, 'pos_y': 353.79, 'vel_x': 0.04, 'vel_y': -0.59}"
{'episode': 218},"{'timestep': 0, 'pos_x': 668.01, 'pos_y': 306.01, 'vel_x': 0.06, 'vel_y': 0.04}","{'timestep': 5, 'pos_x': 668.37, 'pos_y': 304.77, 'vel_x': 0.06, 'vel_y': -0.56}"
{'episode': 219},"{'timestep': 0, 'pos_x': 533.03, 'pos_y': 169.17, 'vel_x': 0.1, 'vel_y': 0.0}","{'timestep': 5, 'pos_x': 533.63, 'pos_y': 167.69, 'vel_x': 0.1, 'vel_y': -0.6}"
{'episode': 220},"{'timestep': 0, 'pos_x': 74.03, 'pos_y': 313.69, 'vel_x': 0.02, 'vel_y': -0.04}","{'timestep': 5, 'pos_x': 74.15, 'pos_y': 311.94, 'vel_x': 0.02, 'vel_y': -0.64}"
{'episode': 221},"{'timestep': 0, 'pos_x': 484.96, 'pos_y': 135.44, 'vel_x': -0.07, 'vel_y': 0.05}","{'timestep': 5, 'pos_x': 484.57, 'pos_y': 134.26, 'vel_x': -0.07, 'vel_y': -0.55}"
{'episode': 222},"{'timestep': 0, 'pos_x': 480.72, 'pos_y': 3.8, 'vel_x': 0.08, 'vel_y': 0.02}","{'timestep': 5, 'pos_x': 481.19, 'pos_y': 2.4, 'vel_x': 0.08, 'vel_y': -0.58}"
{'episode': 223},"{'timestep': 0, 'pos_x': 555.61, 'pos_y': 407.39, 'vel_x': -0.03, 'vel_y': 0.06}","{'timestep': 5, 'pos_x': 555.45, 'pos_y': 406.24, 'vel_x': -0.03, 'vel_y': -0.54}"
{'episode': 224},"{'timestep': 0, 'pos_x': 408.71, 'pos_y': 41.61, 'vel_x': -0.08, 'vel_y': -0.05}","{'timestep': 5, 'pos_x': 408.22, 'pos_y': 39.79, 'vel_x': -0.08, 'vel_y': -0.65}"
{'episode': 225},"{'timestep': 0, 'pos_x': 533.72, 'pos_y': 51.12, 'vel_x': 0.09, 'vel_y': -0.06}","{'timestep': 5, 'pos_x': 534.26, 'pos_y': 49.29, 'vel_x': 0.09, 'vel_y': -0.66}"
{'episode': 226},"{'timestep': 0, 'pos_x': 14.85, 'pos_y': 21.06, 'vel_x': -0.04, 'vel_y': 0.02}","{'timestep': 5, 'pos_x': 14.59, 'pos_y': 19.67, 'vel_x': -0.04, 'vel_y': -0.58}"
{'episode': 227},"{'timestep': 0, 'pos_x': 329.95, 'pos_y': 562.23, 'vel_x': -0.03, 'vel_y': -0.02}","{'timestep': 5, 'pos_x': 329.76, 'pos_y': 560.59, 'vel_x': -0.03, 'vel_y': -0.62}"
{'episode': 228},"{'timestep': 0, 'pos_x': 88.35, 'pos_y': 165.19, 'vel_x': 0.1, 'vel_y': 0.09}","{'timestep': 5, 'pos_x': 88.93, 'pos_y': 164.21, 'vel_x': 0.1, 'vel_y': -0.51}"
{'episode': 229},"{'timestep': 0, 'pos_x': 459.31, 'pos_y': 482.98, 'vel_x': -0.04, 'vel_y': -0.06}","{'timestep': 5, 'pos_x': 459.1, 'pos_y': 481.13, 'vel_x': -0.04, 'vel_y': -0.66}"
{'episode': 230},"{'timestep': 0, 'pos_x': 597.83, 'pos_y': 161.48, 'vel_x': -0.01, 'vel_y': -0.01}","{'timestep': 5, 'pos_x': 597.78, 'pos_y': 159.9, 'vel_x': -0.01, 'vel_y': -0.61}"
{'episode': 231},"{'timestep': 0, 'pos_x': 289.93, 'pos_y': 556.3, 'vel_x': -0.0, 'vel_y': -0.02}","{'timestep': 5, 'pos_x': 289.91, 'pos_y': 554.67, 'vel_x': -0.0, 'vel_y': -0.62}"
{'episode': 232},"{'timestep': 0, 'pos_x': 226.05, 'pos_y': 3.35, 'vel_x': -0.04, 'vel_y': -0.05}","{'timestep': 5, 'pos_x': 225.78, 'pos_y': 1.56, 'vel_x': -0.04, 'vel_y': -0.65}"
{'episode': 233},"{'timestep': 0, 'pos_x': 324.7, 'pos_y': 301.14, 'vel_x': 0.03, 'vel_y': 0.08}","{'timestep': 5, 'pos_x': 324.91, 'pos_y': 300.12, 'vel_x': 0.03, 'vel_y': -0.52}"
{'episode': 234},"{'timestep': 0, 'pos_x': 311.59, 'pos_y': 294.22, 'vel_x': -0.04, 'vel_y': 0.02}","{'timestep': 5, 'pos_x': 311.33, 'pos_y': 292.85, 'vel_x': -0.04, 'vel_y': -0.58}"
{'episode': 235},"{'timestep': 0, 'pos_x': 656.75, 'pos_y': 336.11, 'vel_x': -0.09, 'vel_y': 0.04}","{'timestep': 5, 'pos_x': 656.23, 'pos_y': 334.85, 'vel_x': -0.09, 'vel_y': -0.56}"
{'episode': 236},"{'timestep': 0, 'pos_x': 626.7, 'pos_y': 116.19, 'vel_x': 0.06, 'vel_y': -0.09}","{'timestep': 5, 'pos_x': 627.08, 'pos_y': 114.16, 'vel_x': 0.06, 'vel_y': -0.69}"
{'episode': 237},"{'timestep': 0, 'pos_x': 274.69, 'pos_y': 435.11, 'vel_x': 0.02, 'vel_y': -0.09}","{'timestep': 5, 'pos_x': 274.82, 'pos_y': 433.04, 'vel_x': 0.02, 'vel_y': -0.69}"
{'episode': 238},"{'timestep': 0, 'pos_x': 292.34, 'pos_y': 595.19, 'vel_x': -0.07, 'vel_y': 0.03}","{'timestep': 5, 'pos_x': 291.94, 'pos_y': 593.88, 'vel_x': -0.07, 'vel_y': -0.57}"
{'episode': 239},"{'timestep': 0, 'pos_x': 104.8, 'pos_y': 295.67, 'vel_x': -0.07, 'vel_y': 0.07}","{'timestep': 5, 'pos_x': 104.41, 'pos_y': 294.6, 'vel_x': -0.07, 'vel_y': -0.53}"
{'episode': 240},"{'timestep': 0, 'pos_x': 476.23, 'pos_y': 257.94, 'vel_x': 0.03, 'vel_y': -0.09}","{'timestep': 5, 'pos_x': 476.43, 'pos_y': 255.91, 'vel_x': 0.03, 'vel_y': -0.69}"
{'episode': 241},"{'timestep': 0, 'pos_x': 193.92, 'pos_y': 59.02, 'vel_x': -0.02, 'vel_y': -0.02}","{'timestep': 5, 'pos_x': 193.78, 'pos_y': 57.37, 'vel_x': -0.02, 'vel_y': -0.62}"
{'episode': 242},"{'timestep': 0, 'pos_x': 281.95, 'pos_y': 502.75, 'vel_x': -0.05, 'vel_y': -0.07}","{'timestep': 5, 'pos_x': 281.68, 'pos_y': 500.81, 'vel_x': -0.05, 'vel_y': -0.67}"
{'episode': 243},"{'timestep': 0, 'pos_x': 308.61, 'pos_y': 117.73, 'vel_x': 0.09, 'vel_y': 0.01}","{'timestep': 5, 'pos_x': 309.16, 'pos_y': 116.28, 'vel_x': 0.09, 'vel_y': -0.59}"
{'episode': 244},"{'timestep': 0, 'pos_x': 631.37, 'pos_y': 167.08, 'vel_x': -0.09, 'vel_y': -0.07}","{'timestep': 5, 'pos_x': 630.84, 'pos_y': 165.15, 'vel_x': -0.09, 'vel_y': -0.67}"
{'episode': 245},"{'timestep': 0, 'pos_x': 539.58, 'pos_y': 460.71, 'vel_x': -0.04, 'vel_y': 0.08}","{'timestep': 5, 'pos_x': 539.32, 'pos_y': 459.71, 'vel_x': -0.04, 'vel_y': -0.52}"
{'episode': 246},"{'timestep': 0, 'pos_x': 446.18, 'pos_y': 442.68, 'vel_x': -0.08, 'vel_y': 0.04}","{'timestep': 5, 'pos_x': 445.7, 'pos_y': 441.42, 'vel_x': -0.08, 'vel_y': -0.56}"
{'episode': 247},"{'timestep': 0, 'pos_x': 30.91, 'pos_y': 31.1, 'vel_x': -0.03, 'vel_y': -0.1}","{'timestep': 5, 'pos_x': 30.75, 'pos_y': 29.01, 'vel_x': -0.03, 'vel_y': -0.7}"
{'episode': 248},"{'timestep': 0, 'pos_x': 558.9, 'pos_y': 448.46, 'vel_x': -0.09, 'vel_y': 0.01}","{'timestep': 5, 'pos_x': 558.34, 'pos_y': 447.03, 'vel_x': -0.09, 'vel_y': -0.59}"
{'episode': 249},"{'timestep': 0, 'pos_x': 612.68, 'pos_y': 290.62, 'vel_x': -0.03, 'vel_y': -0.05}","{'timestep': 5, 'pos_x': 612.53, 'pos_y': 288.8, 'vel_x': -0.03, 'vel_y': -0.65}"
{'episode': 250},"{'timestep': 0, 'pos_x': 414.59, 'pos_y': 399.93, 'vel_x': -0.04, 'vel_y': 0.04}","{'timestep': 5, 'pos_x': 414.34, 'pos_y': 398.66, 'vel_x': -0.04, 'vel_y': -0.56}"
{'episode': 251},"{'timestep': 0, 'pos_x': 357.63, 'pos_y': 326.68, 'vel_x': 0.07, 'vel_y': -0.0}","{'timestep': 5, 'pos_x': 358.03, 'pos_y': 325.17, 'vel_x': 0.07, 'vel_y': -0.6}"
{'episode': 252},"{'timestep': 0, 'pos_x': 525.82, 'pos_y': 98.7, 'vel_x': 0.0, 'vel_y': -0.06}","{'timestep': 5, 'pos_x': 525.83, 'pos_y': 96.84, 'vel_x': 0.0, 'vel_y': -0.66}"
{'episode': 253},"{'timestep': 0, 'pos_x': 355.54, 'pos_y': 565.28, 'vel_x': -0.05, 'vel_y': -0.03}","{'timestep': 5, 'pos_x': 355.22, 'pos_y': 563.59, 'vel_x': -0.05, 'vel_y': -0.63}"
{'episode': 254},"{'timestep': 0, 'pos_x': 17.13, 'pos_y': 320.68, 'vel_x': -0.01, 'vel_y': 0.03}","{'timestep': 5, 'pos_x': 17.06, 'pos_y': 319.39, 'vel_x': -0.01, 'vel_y': -0.57}"
{'episode': 255},"{'timestep': 0, 'pos_x': 140.16, 'pos_y': 261.94, 'vel_x': -0.1, 'vel_y': 0.09}","{'timestep': 5, 'pos_x': 139.56, 'pos_y': 260.99, 'vel_x': -0.1, 'vel_y': -0.51}"
{'episode': 256},"{'timestep': 0, 'pos_x': 128.19, 'pos_y': 246.47, 'vel_x': -0.08, 'vel_y': 0.07}","{'timestep': 5, 'pos_x': 127.73, 'pos_y': 245.41, 'vel_x': -0.08, 'vel_y': -0.53}"
{'episode': 257},"{'timestep': 0, 'pos_x': 36.71, 'pos_y': 422.14, 'vel_x': -0.03, 'vel_y': -0.02}","{'timestep': 5, 'pos_x': 36.55, 'pos_y': 420.5, 'vel_x': -0.03, 'vel_y': -0.62}"
{'episode': 258},"{'timestep': 0, 'pos_x': 351.7, 'pos_y': 399.29, 'vel_x': 0.01, 'vel_y': 0.06}","{'timestep': 5, 'pos_x': 351.77, 'pos_y': 398.17, 'vel_x': 0.01, 'vel_y': -0.54}"
{'episode': 259},"{'timestep': 0, 'pos_x': 760.08, 'pos_y': 165.29, 'vel_x': -0.08, 'vel_y': 0.04}","{'timestep': 5, 'pos_x': 759.57, 'pos_y': 164.0, 'vel_x': -0.08, 'vel_y': -0.56}"
{'episode': 260},"{'timestep': 0, 'pos_x': 251.38, 'pos_y': 30.52, 'vel_x': -0.07, 'vel_y': 0.04}","{'timestep': 5, 'pos_x': 250.97, 'pos_y': 29.26, 'vel_x': -0.07, 'vel_y': -0.56}"
{'episode': 261},"{'timestep': 0, 'pos_x': 723.13, 'pos_y': 450.18, 'vel_x': 0.04, 'vel_y': 0.01}","{'timestep': 5, 'pos_x': 723.38, 'pos_y': 448.75, 'vel_x': 0.04, 'vel_y': -0.59}"
{'episode': 262},"{'timestep': 0, 'pos_x': 777.57, 'pos_y': 57.45, 'vel_x': -0.04, 'vel_y': -0.06}","{'timestep': 5, 'pos_x': 777.32, 'pos_y': 55.56, 'vel_x': -0.04, 'vel_y': -0.66}"
{'episode': 263},"{'timestep': 0, 'pos_x': 302.91, 'pos_y': 52.23, 'vel_x': 0.0, 'vel_y': -0.0}","{'timestep': 5, 'pos_x': 302.92, 'pos_y': 50.71, 'vel_x': 0.0, 'vel_y': -0.6}"
{'episode': 264},"{'timestep': 0, 'pos_x': 14.5, 'pos_y': 67.42, 'vel_x': 0.02, 'vel_y': -0.07}","{'timestep': 5, 'pos_x': 14.59, 'pos_y': 65.51, 'vel_x': 0.02, 'vel_y': -0.67}"
{'episode': 265},"{'timestep': 0, 'pos_x': 358.84, 'pos_y': 168.27, 'vel_x': 0.04, 'vel_y': 0.03}","{'timestep': 5, 'pos_x': 359.07, 'pos_y': 166.96, 'vel_x': 0.04, 'vel_y': -0.57}"
{'episode': 266},"{'timestep': 0, 'pos_x': 332.67, 'pos_y': 218.33, 'vel_x': -0.09, 'vel_y': 0.05}","{'timestep': 5, 'pos_x': 332.13, 'pos_y': 217.11, 'vel_x': -0.09, 'vel_y': -0.55}"
{'episode': 267},"{'timestep': 0, 'pos_x': 780.79, 'pos_y': 408.27, 'vel_x': -0.09, 'vel_y': -0.05}","{'timestep': 5, 'pos_x': 780.22, 'pos_y': 406.47, 'vel_x': -0.09, 'vel_y': -0.65}"
{'episode': 268},"{'timestep': 0, 'pos_x': 706.82, 'pos_y': 54.17, 'vel_x': 0.07, 'vel_y': -0.04}","{'timestep': 5, 'pos_x': 707.27, 'pos_y': 52.42, 'vel_x': 0.07, 'vel_y': -0.64}"
{'episode': 269},"{'timestep': 0, 'pos_x': 57.52, 'pos_y': 520.55, 'vel_x': 0.0, 'vel_y': 0.0}","{'timestep': 5, 'pos_x': 57.54, 'pos_y': 519.05, 'vel_x': 0.0, 'vel_y': -0.6}"
{'episode': 270},"{'timestep': 0, 'pos_x': 65.46, 'pos_y': 326.69, 'vel_x': 0.0, 'vel_y': -0.07}","{'timestep': 5, 'pos_x': 65.48, 'pos_y': 324.76, 'vel_x': 0.0, 'vel_y': -0.67}"
{'episode': 271},"{'timestep': 0, 'pos_x': 705.33, 'pos_y': 32.62, 'vel_x': -0.05, 'vel_y': -0.07}","{'timestep': 5, 'pos_x': 705.02, 'pos_y': 30.68, 'vel_x': -0.05, 'vel_y': -0.67}"
{'episode': 272},"{'timestep': 0, 'pos_x': 107.06, 'pos_y': 392.21, 'vel_x': -0.02, 'vel_y': -0.08}","{'timestep': 5, 'pos_x': 106.92, 'pos_y': 390.21, 'vel_x': -0.02, 'vel_y': -0.68}"
{'episode': 273},"{'timestep': 0, 'pos_x': 198.7, 'pos_y': 323.48, 'vel_x': 0.02, 'vel_y': -0.1}","{'timestep': 5, 'pos_x': 198.84, 'pos_y': 321.4, 'vel_x': 0.02, 'vel_y': -0.7}"
{'episode': 274},"{'timestep': 0, 'pos_x': 683.76, 'pos_y': 529.03, 'vel_x': 0.05, 'vel_y': -0.04}","{'timestep': 5, 'pos_x': 684.09, 'pos_y': 527.31, 'vel_x': 0.05, 'vel_y': -0.64}"
{'episode': 275},"{'timestep': 0, 'pos_x': 255.56, 'pos_y': 561.63, 'vel_x': 0.09, 'vel_y': 0.09}","{'timestep': 5, 'pos_x': 256.08, 'pos_y': 560.7, 'vel_x': 0.09, 'vel_y': -0.51}"
{'episode': 276},"{'timestep': 0, 'pos_x': 22.98, 'pos_y': 405.03, 'vel_x': -0.1, 'vel_y': -0.04}","{'timestep': 5, 'pos_x': 22.39, 'pos_y': 403.3, 'vel_x': -0.1, 'vel_y': -0.64}"
{'episode': 277},"{'timestep': 0, 'pos_x': 402.3, 'pos_y': 226.71, 'vel_x': -0.03, 'vel_y': -0.01}","{'timestep': 5, 'pos_x': 402.1, 'pos_y': 225.15, 'vel_x': -0.03, 'vel_y': -0.61}"
{'episode': 278},"{'timestep': 0, 'pos_x': 146.24, 'pos_y': 412.9, 'vel_x': 0.09, 'vel_y': 0.06}","{'timestep': 5, 'pos_x': 146.76, 'pos_y': 411.77, 'vel_x': 0.09, 'vel_y': -0.54}"
{'episode': 279},"{'timestep': 0, 'pos_x': 259.32, 'pos_y': 157.06, 'vel_x': -0.06, 'vel_y': 0.09}","{'timestep': 5, 'pos_x': 258.96, 'pos_y': 156.08, 'vel_x': -0.06, 'vel_y': -0.51}"
{'episode': 280},"{'timestep': 0, 'pos_x': 636.2, 'pos_y': 77.12, 'vel_x': 0.1, 'vel_y': 0.08}","{'timestep': 5, 'pos_x': 636.79, 'pos_y': 76.1, 'vel_x': 0.1, 'vel_y': -0.52}"
{'episode': 281},"{'timestep': 0, 'pos_x': 133.54, 'pos_y': 531.19, 'vel_x': -0.03, 'vel_y': -0.05}","{'timestep': 5, 'pos_x': 133.35, 'pos_y': 529.4, 'vel_x': -0.03, 'vel_y': -0.65}"
{'episode': 282},"{'timestep': 0, 'pos_x': 442.4, 'pos_y': 344.54, 'vel_x': -0.08, 'vel_y': -0.0}","{'timestep': 5, 'pos_x': 441.91, 'pos_y': 343.04, 'vel_x': -0.08, 'vel_y': -0.6}"
{'episode': 283},"{'timestep': 0, 'pos_x': 618.89, 'pos_y': 208.67, 'vel_x': -0.05, 'vel_y': -0.06}","{'timestep': 5, 'pos_x': 618.59, 'pos_y': 206.79, 'vel_x': -0.05, 'vel_y': -0.66}"
{'episode': 284},"{'timestep': 0, 'pos_x': 149.34, 'pos_y': 55.74, 'vel_x': 0.01, 'vel_y': -0.09}","{'timestep': 5, 'pos_x': 149.42, 'pos_y': 53.68, 'vel_x': 0.01, 'vel_y': -0.69}"
{'episode': 285},"{'timestep': 0, 'pos_x': 680.08, 'pos_y': 274.79, 'vel_x': -0.02, 'vel_y': 0.0}","{'timestep': 5, 'pos_x': 679.94, 'pos_y': 273.3, 'vel_x': -0.02, 'vel_y': -0.6}"
{'episode': 286},"{'timestep': 0, 'pos_x': 481.81, 'pos_y': 548.05, 'vel_x': 0.06, 'vel_y': -0.07}","{'timestep': 5, 'pos_x': 482.16, 'pos_y': 546.12, 'vel_x': 0.06, 'vel_y': -0.67}"
{'episode': 287},"{'timestep': 0, 'pos_x': 591.24, 'pos_y': 106.52, 'vel_x': -0.08, 'vel_y': 0.04}","{'timestep': 5, 'pos_x': 590.73, 'pos_y': 105.27, 'vel_x': -0.08, 'vel_y': -0.56}"
{'episode': 288},"{'timestep': 0, 'pos_x': 652.22, 'pos_y': 426.13, 'vel_x': -0.09, 'vel_y': -0.0}","{'timestep': 5, 'pos_x': 651.67, 'pos_y': 424.61, 'vel_x': -0.09, 'vel_y': -0.6}"
{'episode': 289},"{'timestep': 0, 'pos_x': 96.51, 'pos_y': 348.98, 'vel_x': 0.07, 'vel_y': 0.09}","{'timestep': 5, 'pos_x': 96.94, 'pos_y': 348.03, 'vel_x': 0.07, 'vel_y': -0.51}"
{'episode': 290},"{'timestep': 0, 'pos_x': 314.77, 'pos_y': 531.43, 'vel_x': 0.01, 'vel_y': 0.08}","{'timestep': 5, 'pos_x': 314.84, 'pos_y': 530.41, 'vel_x': 0.01, 'vel_y': -0.52}"
{'episode': 291},"{'timestep': 0, 'pos_x': 619.81, 'pos_y': 507.72, 'vel_x': 0.08, 'vel_y': 0.07}","{'timestep': 5, 'pos_x': 620.3, 'pos_y': 506.66, 'vel_x': 0.08, 'vel_y': -0.53}"
{'episode': 292},"{'timestep': 0, 'pos_x': 598.25, 'pos_y': 118.8, 'vel_x': 0.05, 'vel_y': 0.08}","{'timestep': 5, 'pos_x': 598.53, 'pos_y': 117.77, 'vel_x': 0.05, 'vel_y': -0.52}"
{'episode': 293},"{'timestep': 0, 'pos_x': 688.84, 'pos_y': 121.02, 'vel_x': -0.01, 'vel_y': -0.04}","{'timestep': 5, 'pos_x': 688.8, 'pos_y': 119.27, 'vel_x': -0.01, 'vel_y': -0.64}"
{'episode': 294},"{'timestep': 0, 'pos_x': 733.6, 'pos_y': 211.42, 'vel_x': -0.08, 'vel_y': -0.1}","{'timestep': 5, 'pos_x': 733.09, 'pos_y': 209.35, 'vel_x': -0.08, 'vel_y': -0.7}"
{'episode': 295},"{'timestep': 0, 'pos_x': 668.07, 'pos_y': 280.85, 'vel_x': 0.08, 'vel_y': 0.05}","{'timestep': 5, 'pos_x': 668.57, 'pos_y': 279.67, 'vel_x': 0.08, 'vel_y': -0.55}"
{'episode': 296},"{'timestep': 0, 'pos_x': 746.08, 'pos_y': 444.42, 'vel_x': 0.04, 'vel_y': -0.1}","{'timestep': 5, 'pos_x': 746.29, 'pos_y': 442.35, 'vel_x': 0.04, 'vel_y': -0.7}"
{'episode': 297},"{'timestep': 0, 'pos_x': 203.28, 'pos_y': 67.19, 'vel_x': 0.1, 'vel_y': -0.01}","{'timestep': 5, 'pos_x': 203.86, 'pos_y': 65.62, 'vel_x': 0.1, 'vel_y': -0.61}"
{'episode': 298},"{'timestep': 0, 'pos_x': 208.17, 'pos_y': 116.08, 'vel_x': 0.03, 'vel_y': -0.07}","{'timestep': 5, 'pos_x': 208.37, 'pos_y': 114.17, 'vel_x': 0.03, 'vel_y': -0.67}"
{'episode': 299},"{'timestep': 0, 'pos_x': 209.31, 'pos_y': 545.65, 'vel_x': 0.0, 'vel_y': 0.07}","{'timestep': 5, 'pos_x': 209.33, 'pos_y': 544.56, 'vel_x': 0.0, 'vel_y': -0.53}"
{'episode': 300},"{'timestep': 0, 'pos_x': 695.3, 'pos_y': 15.47, 'vel_x': 0.05, 'vel_y': 0.03}","{'timestep': 5, 'pos_x': 695.61, 'pos_y': 14.14, 'vel_x': 0.05, 'vel_y': -0.57}"
{'episode': 301},"{'timestep': 0, 'pos_x': 50.68, 'pos_y': 571.8, 'vel_x': -0.08, 'vel_y': -0.03}","{'timestep': 5, 'pos_x': 50.23, 'pos_y': 570.13, 'vel_x': -0.08, 'vel_y': -0.63}"
{'episode': 302},"{'timestep': 0, 'pos_x': 79.12, 'pos_y': 99.35, 'vel_x': 0.06, 'vel_y': -0.01}","{'timestep': 5, 'pos_x': 79.47, 'pos_y': 97.78, 'vel_x': 0.06, 'vel_y': -0.61}"
{'episode': 303},"{'timestep': 0, 'pos_x': 776.82, 'pos_y': 249.56, 'vel_x': 0.01, 'vel_y': 0.09}","{'timestep': 5, 'pos_x': 776.88, 'pos_y': 248.6, 'vel_x': 0.01, 'vel_y': -0.51}"
{'episode': 304},"{'timestep': 0, 'pos_x': 765.2, 'pos_y': 592.6, 'vel_x': -0.09, 'vel_y': -0.03}","{'timestep': 5, 'pos_x': 764.65, 'pos_y': 590.9, 'vel_x': -0.09, 'vel_y': -0.63}"
{'episode': 305},"{'timestep': 0, 'pos_x': 259.07, 'pos_y': 207.36, 'vel_x': -0.0, 'vel_y': -0.09}","{'timestep': 5, 'pos_x': 259.07, 'pos_y': 205.31, 'vel_x': -0.0, 'vel_y': -0.69}"
{'episode': 306},"{'timestep': 0, 'pos_x': 149.12, 'pos_y': 29.32, 'vel_x': 0.1, 'vel_y': 0.07}","{'timestep': 5, 'pos_x': 149.7, 'pos_y': 28.23, 'vel_x': 0.1, 'vel_y': -0.53}"
{'episode': 307},"{'timestep': 0, 'pos_x': 46.85, 'pos_y': 402.72, 'vel_x': -0.05, 'vel_y': 0.03}","{'timestep': 5, 'pos_x': 46.56, 'pos_y': 401.4, 'vel_x': -0.05, 'vel_y': -0.57}"
{'episode': 308},"{'timestep': 0, 'pos_x': 764.75, 'pos_y': 40.81, 'vel_x': 0.03, 'vel_y': 0.04}","{'timestep': 5, 'pos_x': 764.95, 'pos_y': 39.55, 'vel_x': 0.03, 'vel_y': -0.56}"
{'episode': 309},"{'timestep': 0, 'pos_x': 488.88, 'pos_y': 334.12, 'vel_x': -0.09, 'vel_y': 0.09}","{'timestep': 5, 'pos_x': 488.34, 'pos_y': 333.16, 'vel_x': -0.09, 'vel_y': -0.51}"
{'episode': 310},"{'timestep': 0, 'pos_x': 149.53, 'pos_y': 580.91, 'vel_x': 0.05, 'vel_y': 0.0}","{'timestep': 5, 'pos_x': 149.86, 'pos_y': 579.42, 'vel_x': 0.05, 'vel_y': -0.6}"
{'episode': 311},"{'timestep': 0, 'pos_x': 394.85, 'pos_y': 312.08, 'vel_x': 0.01, 'vel_y': -0.04}","{'timestep': 5, 'pos_x': 394.92, 'pos_y': 310.31, 'vel_x': 0.01, 'vel_y': -0.64}"
{'episode': 312},"{'timestep': 0, 'pos_x': 536.95, 'pos_y': 569.31, 'vel_x': 0.01, 'vel_y': -0.04}","{'timestep': 5, 'pos_x': 537.03, 'pos_y': 567.56, 'vel_x': 0.01, 'vel_y': -0.64}"
{'episode': 313},"{'timestep': 0, 'pos_x': 191.91, 'pos_y': 309.31, 'vel_x': -0.03, 'vel_y': 0.05}","{'timestep': 5, 'pos_x': 191.74, 'pos_y': 308.09, 'vel_x': -0.03, 'vel_y': -0.55}"
{'episode': 314},"{'timestep': 0, 'pos_x': 538.66, 'pos_y': 458.91, 'vel_x': 0.03, 'vel_y': 0.06}","{'timestep': 5, 'pos_x': 538.81, 'pos_y': 457.74, 'vel_x': 0.03, 'vel_y': -0.54}"
{'episode': 315},"{'timestep': 0, 'pos_x': 459.47, 'pos_y': 220.09, 'vel_x': -0.02, 'vel_y': 0.03}","{'timestep': 5, 'pos_x': 459.34, 'pos_y': 218.78, 'vel_x': -0.02, 'vel_y': -0.57}"
{'episode': 316},"{'timestep': 0, 'pos_x': 596.06, 'pos_y': 16.97, 'vel_x': 0.08, 'vel_y': 0.06}","{'timestep': 5, 'pos_x': 596.54, 'pos_y': 15.82, 'vel_x': 0.08, 'vel_y': -0.54}"
{'episode': 317},"{'timestep': 0, 'pos_x': 205.29, 'pos_y': 578.59, 'vel_x': 0.03, 'vel_y': -0.06}","{'timestep': 5, 'pos_x': 205.49, 'pos_y': 576.74, 'vel_x': 0.03, 'vel_y': -0.66}"
{'episode': 318},"{'timestep': 0, 'pos_x': 731.65, 'pos_y': 168.34, 'vel_x': -0.05, 'vel_y': -0.08}","{'timestep': 5, 'pos_x': 731.32, 'pos_y': 166.38, 'vel_x': -0.05, 'vel_y': -0.68}"
{'episode': 319},"{'timestep': 0, 'pos_x': 148.81, 'pos_y': 506.82, 'vel_x': 0.1, 'vel_y': 0.04}","{'timestep': 5, 'pos_x': 149.39, 'pos_y': 505.53, 'vel_x': 0.1, 'vel_y': -0.56}"
{'episode': 320},"{'timestep': 0, 'pos_x': 557.39, 'pos_y': 14.9, 'vel_x': -0.09, 'vel_y': 0.01}","{'timestep': 5, 'pos_x': 556.87, 'pos_y': 13.45, 'vel_x': -0.09, 'vel_y': -0.59}"
{'episode': 321},"{'timestep': 0, 'pos_x': 376.34, 'pos_y': 287.61, 'vel_x': -0.08, 'vel_y': 0.01}","{'timestep': 5, 'pos_x': 375.85, 'pos_y': 286.16, 'vel_x': -0.08, 'vel_y': -0.59}"
{'episode': 322},"{'timestep': 0, 'pos_x': 414.13, 'pos_y': 75.18, 'vel_x': -0.02, 'vel_y': -0.02}","{'timestep': 5, 'pos_x': 414.0, 'pos_y': 73.54, 'vel_x': -0.02, 'vel_y': -0.62}"
{'episode': 323},"{'timestep': 0, 'pos_x': 313.98, 'pos_y': 111.03, 'vel_x': 0.03, 'vel_y': -0.06}","{'timestep': 5, 'pos_x': 314.13, 'pos_y': 109.16, 'vel_x': 0.03, 'vel_y': -0.66}"
{'episode': 324},"{'timestep': 0, 'pos_x': 558.73, 'pos_y': 162.93, 'vel_x': -0.02, 'vel_y': 0.03}","{'timestep': 5, 'pos_x': 558.63, 'pos_y': 161.62, 'vel_x': -0.02, 'vel_y': -0.57}"
{'episode': 325},"{'timestep': 0, 'pos_x': 225.12, 'pos_y': 480.8, 'vel_x': 0.08, 'vel_y': 0.07}","{'timestep': 5, 'pos_x': 225.6, 'pos_y': 479.74, 'vel_x': 0.08, 'vel_y': -0.53}"
{'episode': 326},"{'timestep': 0, 'pos_x': 285.24, 'pos_y': 350.59, 'vel_x': 0.05, 'vel_y': -0.07}","{'timestep': 5, 'pos_x': 285.53, 'pos_y': 348.68, 'vel_x': 0.05, 'vel_y': -0.67}"
{'episode': 327},"{'timestep': 0, 'pos_x': 565.82, 'pos_y': 535.26, 'vel_x': -0.04, 'vel_y': -0.02}","{'timestep': 5, 'pos_x': 565.56, 'pos_y': 533.63, 'vel_x': -0.04, 'vel_y': -0.62}"
{'episode': 328},"{'timestep': 0, 'pos_x': 374.99, 'pos_y': 511.4, 'vel_x': -0.09, 'vel_y': -0.0}","{'timestep': 5, 'pos_x': 374.44, 'pos_y': 509.89, 'vel_x': -0.09, 'vel_y': -0.6}"
{'episode': 329},"{'timestep': 0, 'pos_x': 295.49, 'pos_y': 346.89, 'vel_x': -0.07, 'vel_y': 0.04}","{'timestep': 5, 'pos_x': 295.09, 'pos_y': 345.63, 'vel_x': -0.07, 'vel_y': -0.56}"
{'episode': 330},"{'timestep': 0, 'pos_x': 679.82, 'pos_y': 545.97, 'vel_x': -0.02, 'vel_y': -0.0}","{'timestep': 5, 'pos_x': 679.71, 'pos_y': 544.45, 'vel_x': -0.02, 'vel_y': -0.6}"
{'episode': 331},"{'timestep': 0, 'pos_x': 78.94, 'pos_y': 22.07, 'vel_x': 0.07, 'vel_y': -0.03}","{'timestep': 5, 'pos_x': 79.36, 'pos_y': 20.38, 'vel_x': 0.07, 'vel_y': -0.63}"
{'episode': 332},"{'timestep': 0, 'pos_x': 550.93, 'pos_y': 149.07, 'vel_x': 0.08, 'vel_y': -0.01}","{'timestep': 5, 'pos_x': 551.43, 'pos_y': 147.5, 'vel_x': 0.08, 'vel_y': -0.61}"
{'episode': 333},"{'timestep': 0, 'pos_x': 217.95, 'pos_y': 581.1, 'vel_x': 0.0, 'vel_y': 0.04}","{'timestep': 5, 'pos_x': 217.97, 'pos_y': 579.83, 'vel_x': 0.0, 'vel_y': -0.56}"
{'episode': 334},"{'timestep': 0, 'pos_x': 210.92, 'pos_y': 447.06, 'vel_x': -0.01, 'vel_y': 0.09}","{'timestep': 5, 'pos_x': 210.89, 'pos_y': 446.1, 'vel_x': -0.01, 'vel_y': -0.51}"
{'episode': 335},"{'timestep': 0, 'pos_x': 278.27, 'pos_y': 218.89, 'vel_x': -0.01, 'vel_y': 0.03}","{'timestep': 5, 'pos_x': 278.23, 'pos_y': 217.55, 'vel_x': -0.01, 'vel_y': -0.57}"
{'episode': 336},"{'timestep': 0, 'pos_x': 285.6, 'pos_y': 15.17, 'vel_x': 0.05, 'vel_y': 0.08}","{'timestep': 5, 'pos_x': 285.9, 'pos_y': 14.16, 'vel_x': 0.05, 'vel_y': -0.52}"
{'episode': 337},"{'timestep': 0, 'pos_x': 481.8, 'pos_y': 558.14, 'vel_x': -0.03, 'vel_y': 0.01}","{'timestep': 5, 'pos_x': 481.64, 'pos_y': 556.68, 'vel_x': -0.03, 'vel_y': -0.59}"
